[FATAL] 2026-08-17T21:53:58: Syntax Error: Excpected expression. Kind: tkTrue
[FATAL] 2026-08-17T21:55:50: Syntax Error: Expected expression. Kind: tkNot
[DEBUG] 2026-08-17T21:56:39: === <main> ===
[DEBUG] 2026-08-17T21:56:39:   0  opSetLocal  line 3
[DEBUG] 2026-08-17T21:56:39:     slot: 1
[DEBUG] 2026-08-17T21:56:39:   2  opGetLocal  line 3
[DEBUG] 2026-08-17T21:56:39:     slot: 1
[DEBUG] 2026-08-17T21:56:39:   4  opJumpIfFalse  line 3
[DEBUG] 2026-08-17T21:56:39:     jump offset: 11 -> 17
[DEBUG] 2026-08-17T21:56:39:   7  opPop  line 3
[DEBUG] 2026-08-17T21:56:39:   8  opGetGlobal  line 4
[DEBUG] 2026-08-17T21:56:39:     global name: print
[DEBUG] 2026-08-17T21:56:39:   10  opConstant  line 4
[DEBUG] 2026-08-17T21:56:39:     constant[1] = "hello"
[DEBUG] 2026-08-17T21:56:39:   12  opCall  line 4
[DEBUG] 2026-08-17T21:56:39:     args: 1
[DEBUG] 2026-08-17T21:56:39:   14  opPop  line 5
[DEBUG] 2026-08-17T21:56:39:   15  opJump  line 3
[DEBUG] 2026-08-17T21:56:39:     jump offset: 8 -> 25
[DEBUG] 2026-08-17T21:56:39:   18  opPop  line 3
[DEBUG] 2026-08-17T21:56:39:   19  opGetGlobal  line 6
[DEBUG] 2026-08-17T21:56:39:     global name: print
[DEBUG] 2026-08-17T21:56:39:   21  opConstant  line 6
[DEBUG] 2026-08-17T21:56:39:     constant[3] = "else"
[DEBUG] 2026-08-17T21:56:39:   23  opCall  line 6
[DEBUG] 2026-08-17T21:56:39:     args: 1
[DEBUG] 2026-08-17T21:56:39:   25  opPop  line 7
[DEBUG] 2026-08-17T21:56:39:   26  opReturn  line 1
[DEBUG] 2026-08-17T21:56:39: === END ===
[DEBUG] 2026-08-17T21:56:39: Kind: ltClosure
[DEBUG] 2026-08-17T21:56:39: IP:    1 | OP:   opSetLocal | Stack: [function: <main>]
[DEBUG] 2026-08-17T21:56:39: Kind: ltClosure
[DEBUG] 2026-08-17T21:56:39: IP:    3 | OP:   opGetLocal | Stack: [function: <main>]
[DEBUG] 2026-08-17T22:00:30: === <main> ===
[DEBUG] 2026-08-17T22:00:30:   0  opConstant  line 3
[DEBUG] 2026-08-17T22:00:30:     constant[0] = true
[DEBUG] 2026-08-17T22:00:30:   2  opSetLocal  line 3
[DEBUG] 2026-08-17T22:00:30:     slot: 1
[DEBUG] 2026-08-17T22:00:30:   4  opGetLocal  line 3
[DEBUG] 2026-08-17T22:00:30:     slot: 1
[DEBUG] 2026-08-17T22:00:30:   6  opJumpIfFalse  line 3
[DEBUG] 2026-08-17T22:00:30:     jump offset: 11 -> 19
[DEBUG] 2026-08-17T22:00:30:   9  opPop  line 3
[DEBUG] 2026-08-17T22:00:30:   10  opGetGlobal  line 4
[DEBUG] 2026-08-17T22:00:30:     global name: print
[DEBUG] 2026-08-17T22:00:30:   12  opConstant  line 4
[DEBUG] 2026-08-17T22:00:30:     constant[2] = "hello"
[DEBUG] 2026-08-17T22:00:30:   14  opCall  line 4
[DEBUG] 2026-08-17T22:00:30:     args: 1
[DEBUG] 2026-08-17T22:00:30:   16  opPop  line 5
[DEBUG] 2026-08-17T22:00:30:   17  opJump  line 3
[DEBUG] 2026-08-17T22:00:30:     jump offset: 8 -> 27
[DEBUG] 2026-08-17T22:00:30:   20  opPop  line 3
[DEBUG] 2026-08-17T22:00:30:   21  opGetGlobal  line 6
[DEBUG] 2026-08-17T22:00:30:     global name: print
[DEBUG] 2026-08-17T22:00:30:   23  opConstant  line 6
[DEBUG] 2026-08-17T22:00:30:     constant[4] = "else"
[DEBUG] 2026-08-17T22:00:30:   25  opCall  line 6
[DEBUG] 2026-08-17T22:00:30:     args: 1
[DEBUG] 2026-08-17T22:00:30:   27  opPop  line 7
[DEBUG] 2026-08-17T22:00:30:   28  opReturn  line 1
[DEBUG] 2026-08-17T22:00:30: === END ===
[DEBUG] 2026-08-17T22:00:30: Kind: ltClosure
[DEBUG] 2026-08-17T22:00:30: IP:    1 | OP:   opConstant | Stack: [function: <main>]
[DEBUG] 2026-08-17T22:00:30: Kind: ltClosure
[DEBUG] 2026-08-17T22:00:30: Kind: ltBool
[DEBUG] 2026-08-17T22:00:30: IP:    3 | OP:   opSetLocal | Stack: [function: <main>, true]
[DEBUG] 2026-08-17T22:00:30: Kind: ltClosure
[DEBUG] 2026-08-17T22:00:30: Kind: ltBool
[DEBUG] 2026-08-17T22:00:30: IP:    5 | OP:   opGetLocal | Stack: [function: <main>, true]
[DEBUG] 2026-08-17T22:00:30: Kind: ltClosure
[DEBUG] 2026-08-17T22:00:30: Kind: ltBool
[DEBUG] 2026-08-17T22:00:30: Kind: ltBool
[DEBUG] 2026-08-17T22:00:30: IP:    7 | OP: opJumpIfFalse | Stack: [function: <main>, true, true]
[DEBUG] 2026-08-17T22:00:30: Kind: ltClosure
[DEBUG] 2026-08-17T22:00:30: Kind: ltBool
[DEBUG] 2026-08-17T22:00:30: Kind: ltBool
[DEBUG] 2026-08-17T22:00:30: IP:   10 | OP:        opPop | Stack: [function: <main>, true, true]
[DEBUG] 2026-08-17T22:00:30: Kind: ltClosure
[DEBUG] 2026-08-17T22:00:30: Kind: ltBool
[DEBUG] 2026-08-17T22:00:30: IP:   11 | OP:  opGetGlobal | Stack: [function: <main>, true]
[DEBUG] 2026-08-17T22:00:30: Kind: ltClosure
[DEBUG] 2026-08-17T22:00:30: Kind: ltBool
[DEBUG] 2026-08-17T22:00:30: Kind: ltNativeFn
[DEBUG] 2026-08-17T22:00:30: IP:   13 | OP:   opConstant | Stack: [function: <main>, true, function: 0x4374380672]
[DEBUG] 2026-08-17T22:00:30: Kind: ltClosure
[DEBUG] 2026-08-17T22:00:30: Kind: ltBool
[DEBUG] 2026-08-17T22:00:30: Kind: ltNativeFn
[DEBUG] 2026-08-17T22:00:30: Kind: ltString
[DEBUG] 2026-08-17T22:00:30: IP:   15 | OP:       opCall | Stack: [function: <main>, true, function: 0x4374380672, "hello"]
[DEBUG] 2026-08-17T22:00:30: === PRINT OCCURRING ===
[DEBUG] 2026-08-17T22:00:30: === PRINT OCCURRING ===
[DEBUG] 2026-08-17T22:00:30: Kind: ltClosure
[DEBUG] 2026-08-17T22:00:30: Kind: ltBool
[DEBUG] 2026-08-17T22:00:30: Kind: ltNil
[DEBUG] 2026-08-17T22:00:30: IP:   17 | OP:        opPop | Stack: [function: <main>, true, nil]
[DEBUG] 2026-08-17T22:00:30: Kind: ltClosure
[DEBUG] 2026-08-17T22:00:30: Kind: ltBool
[DEBUG] 2026-08-17T22:00:30: IP:   18 | OP:       opJump | Stack: [function: <main>, true]
[DEBUG] 2026-08-17T22:00:30: Kind: ltClosure
[DEBUG] 2026-08-17T22:00:30: Kind: ltBool
[DEBUG] 2026-08-17T22:00:30: IP:   29 | OP:     opReturn | Stack: [function: <main>, true]
[DEBUG] 2026-08-18T09:53:02: === <main> ===
[DEBUG] 2026-08-18T09:53:02:   0  opGetGlobal  line 1
[DEBUG] 2026-08-18T09:53:02:     global name: print
[DEBUG] 2026-08-18T09:53:02:   2  opConstant  line 1
[DEBUG] 2026-08-18T09:53:02:     constant[1] = 1.0
[DEBUG] 2026-08-18T09:53:02:   4  opConstant  line 1
[DEBUG] 2026-08-18T09:53:02:     constant[2] = 2.0
[DEBUG] 2026-08-18T09:53:02:   6  opAdd  line 1
[DEBUG] 2026-08-18T09:53:02:   7  opCall  line 1
[DEBUG] 2026-08-18T09:53:02:     args: 1
[DEBUG] 2026-08-18T09:53:02:   9  opPop  line 1
[DEBUG] 2026-08-18T09:53:02:   10  opReturn  line 1
[DEBUG] 2026-08-18T09:53:02: === END ===
[DEBUG] 2026-08-18T09:53:02: Kind: ltClosure
[DEBUG] 2026-08-18T09:53:02: IP:    1 | OP:  opGetGlobal | Stack: [function: <main>]
[DEBUG] 2026-08-18T09:53:02: Kind: ltClosure
[DEBUG] 2026-08-18T09:53:02: Kind: ltNativeFn
[DEBUG] 2026-08-18T09:53:02: IP:    3 | OP:   opConstant | Stack: [function: <main>, function: 0x4344021120]
[DEBUG] 2026-08-18T09:53:02: Kind: ltClosure
[DEBUG] 2026-08-18T09:53:02: Kind: ltNativeFn
[DEBUG] 2026-08-18T09:53:02: Kind: ltNumber
[DEBUG] 2026-08-18T09:53:02: IP:    5 | OP:   opConstant | Stack: [function: <main>, function: 0x4344021120, 1.0]
[DEBUG] 2026-08-18T09:53:02: Kind: ltClosure
[DEBUG] 2026-08-18T09:53:02: Kind: ltNativeFn
[DEBUG] 2026-08-18T09:53:02: Kind: ltNumber
[DEBUG] 2026-08-18T09:53:02: Kind: ltNumber
[DEBUG] 2026-08-18T09:53:02: IP:    7 | OP:        opAdd | Stack: [function: <main>, function: 0x4344021120, 1.0, 2.0]
[DEBUG] 2026-08-18T09:53:02: Kind: ltClosure
[DEBUG] 2026-08-18T09:53:02: Kind: ltNativeFn
[DEBUG] 2026-08-18T09:53:02: Kind: ltNumber
[DEBUG] 2026-08-18T09:53:02: IP:    8 | OP:       opCall | Stack: [function: <main>, function: 0x4344021120, 3.0]
[DEBUG] 2026-08-18T09:53:02: === PRINT OCCURRING ===
[DEBUG] 2026-08-18T09:53:02: === PRINT OCCURRING ===
[DEBUG] 2026-08-18T09:53:02: Kind: ltClosure
[DEBUG] 2026-08-18T09:53:02: Kind: ltNil
[DEBUG] 2026-08-18T09:53:02: IP:   10 | OP:        opPop | Stack: [function: <main>, nil]
[DEBUG] 2026-08-18T09:53:02: Kind: ltClosure
[DEBUG] 2026-08-18T09:53:02: IP:   11 | OP:     opReturn | Stack: [function: <main>]
[DEBUG] 2026-08-18T11:10:48: === <main> ===
[DEBUG] 2026-08-18T11:10:48:   0  opGetGlobal  line 1
[DEBUG] 2026-08-18T11:10:48:     global name: print
[DEBUG] 2026-08-18T11:10:48:   2  opConstant  line 1
[DEBUG] 2026-08-18T11:10:48:     constant[1] = 2.3
[DEBUG] 2026-08-18T11:10:48:   4  opNot  line 1
[DEBUG] 2026-08-18T11:10:48:   5  opCall  line 1
[DEBUG] 2026-08-18T11:10:48:     args: 1
[DEBUG] 2026-08-18T11:10:48:   7  opPop  line 1
[DEBUG] 2026-08-18T11:10:48:   8  opReturn  line 1
[DEBUG] 2026-08-18T11:10:48: === END ===
[DEBUG] 2026-08-18T11:10:48: Kind: ltClosure
[DEBUG] 2026-08-18T11:10:48: IP:    1 | OP:  opGetGlobal | Stack: [function: <main>]
[DEBUG] 2026-08-18T11:10:48: Kind: ltClosure
[DEBUG] 2026-08-18T11:10:48: Kind: ltNativeFn
[DEBUG] 2026-08-18T11:10:48: IP:    3 | OP:   opConstant | Stack: [function: <main>, function: 0x4377706624]
[DEBUG] 2026-08-18T11:10:48: Kind: ltClosure
[DEBUG] 2026-08-18T11:10:48: Kind: ltNativeFn
[DEBUG] 2026-08-18T11:10:48: Kind: ltNumber
[DEBUG] 2026-08-18T11:10:48: IP:    5 | OP:        opNot | Stack: [function: <main>, function: 0x4377706624, 2.3]
[DEBUG] 2026-08-18T11:10:48: Kind: ltClosure
[DEBUG] 2026-08-18T11:10:48: Kind: ltNativeFn
[DEBUG] 2026-08-18T11:10:48: Kind: ltBool
[DEBUG] 2026-08-18T11:10:48: IP:    6 | OP:       opCall | Stack: [function: <main>, function: 0x4377706624, false]
[DEBUG] 2026-08-18T11:10:48: === PRINT OCCURRING ===
[DEBUG] 2026-08-18T11:10:48: === PRINT OCCURRING ===
[DEBUG] 2026-08-18T11:10:48: Kind: ltClosure
[DEBUG] 2026-08-18T11:10:48: Kind: ltNil
[DEBUG] 2026-08-18T11:10:48: IP:    8 | OP:        opPop | Stack: [function: <main>, nil]
[DEBUG] 2026-08-18T11:10:48: Kind: ltClosure
[DEBUG] 2026-08-18T11:10:48: IP:    9 | OP:     opReturn | Stack: [function: <main>]
[DEBUG] 2026-08-18T11:11:09: === <main> ===
[DEBUG] 2026-08-18T11:11:09:   0  opGetGlobal  line 1
[DEBUG] 2026-08-18T11:11:09:     global name: print
[DEBUG] 2026-08-18T11:11:09:   2  opConstant  line 1
[DEBUG] 2026-08-18T11:11:09:     constant[1] = 2.3
[DEBUG] 2026-08-18T11:11:09:   4  opNot  line 1
[DEBUG] 2026-08-18T11:11:09:   5  opCall  line 1
[DEBUG] 2026-08-18T11:11:09:     args: 1
[DEBUG] 2026-08-18T11:11:09:   7  opPop  line 2
[DEBUG] 2026-08-18T11:11:09:   8  opGetGlobal  line 2
[DEBUG] 2026-08-18T11:11:09:     global name: print
[DEBUG] 2026-08-18T11:11:09:   10  opConstant  line 2
[DEBUG] 2026-08-18T11:11:09:     constant[3] = 2.3
[DEBUG] 2026-08-18T11:11:09:   12  opBitNot  line 2
[DEBUG] 2026-08-18T11:11:09:   13  opCall  line 2
[DEBUG] 2026-08-18T11:11:09:     args: 1
[DEBUG] 2026-08-18T11:11:09:   15  opPop  line 2
[DEBUG] 2026-08-18T11:11:09:   16  opReturn  line 1
[DEBUG] 2026-08-18T11:11:09: === END ===
[DEBUG] 2026-08-18T11:11:09: Kind: ltClosure
[DEBUG] 2026-08-18T11:11:09: IP:    1 | OP:  opGetGlobal | Stack: [function: <main>]
[DEBUG] 2026-08-18T11:11:09: Kind: ltClosure
[DEBUG] 2026-08-18T11:11:09: Kind: ltNativeFn
[DEBUG] 2026-08-18T11:11:09: IP:    3 | OP:   opConstant | Stack: [function: <main>, function: 0x4310139008]
[DEBUG] 2026-08-18T11:11:09: Kind: ltClosure
[DEBUG] 2026-08-18T11:11:09: Kind: ltNativeFn
[DEBUG] 2026-08-18T11:11:09: Kind: ltNumber
[DEBUG] 2026-08-18T11:11:09: IP:    5 | OP:        opNot | Stack: [function: <main>, function: 0x4310139008, 2.3]
[DEBUG] 2026-08-18T11:11:09: Kind: ltClosure
[DEBUG] 2026-08-18T11:11:09: Kind: ltNativeFn
[DEBUG] 2026-08-18T11:11:09: Kind: ltBool
[DEBUG] 2026-08-18T11:11:09: IP:    6 | OP:       opCall | Stack: [function: <main>, function: 0x4310139008, false]
[DEBUG] 2026-08-18T11:11:09: === PRINT OCCURRING ===
[DEBUG] 2026-08-18T11:11:09: === PRINT OCCURRING ===
[DEBUG] 2026-08-18T11:11:09: Kind: ltClosure
[DEBUG] 2026-08-18T11:11:09: Kind: ltNil
[DEBUG] 2026-08-18T11:11:09: IP:    8 | OP:        opPop | Stack: [function: <main>, nil]
[DEBUG] 2026-08-18T11:11:09: Kind: ltClosure
[DEBUG] 2026-08-18T11:11:09: IP:    9 | OP:  opGetGlobal | Stack: [function: <main>]
[DEBUG] 2026-08-18T11:11:09: Kind: ltClosure
[DEBUG] 2026-08-18T11:11:09: Kind: ltNativeFn
[DEBUG] 2026-08-18T11:11:09: IP:   11 | OP:   opConstant | Stack: [function: <main>, function: 0x4310139008]
[DEBUG] 2026-08-18T11:11:09: Kind: ltClosure
[DEBUG] 2026-08-18T11:11:09: Kind: ltNativeFn
[DEBUG] 2026-08-18T11:11:09: Kind: ltNumber
[DEBUG] 2026-08-18T11:11:09: IP:   13 | OP:     opBitNot | Stack: [function: <main>, function: 0x4310139008, 2.3]
[FATAL] 2026-08-18T11:11:09: Runtime Error: Number has no integer representation
[DEBUG] 2026-08-18T11:11:16: === <main> ===
[DEBUG] 2026-08-18T11:11:16:   0  opGetGlobal  line 1
[DEBUG] 2026-08-18T11:11:16:     global name: print
[DEBUG] 2026-08-18T11:11:16:   2  opConstant  line 1
[DEBUG] 2026-08-18T11:11:16:     constant[1] = 2.3
[DEBUG] 2026-08-18T11:11:16:   4  opNot  line 1
[DEBUG] 2026-08-18T11:11:16:   5  opCall  line 1
[DEBUG] 2026-08-18T11:11:16:     args: 1
[DEBUG] 2026-08-18T11:11:16:   7  opPop  line 2
[DEBUG] 2026-08-18T11:11:16:   8  opGetGlobal  line 2
[DEBUG] 2026-08-18T11:11:16:     global name: print
[DEBUG] 2026-08-18T11:11:16:   10  opConstant  line 2
[DEBUG] 2026-08-18T11:11:16:     constant[3] = 2.0
[DEBUG] 2026-08-18T11:11:16:   12  opBitNot  line 2
[DEBUG] 2026-08-18T11:11:16:   13  opCall  line 2
[DEBUG] 2026-08-18T11:11:16:     args: 1
[DEBUG] 2026-08-18T11:11:16:   15  opPop  line 2
[DEBUG] 2026-08-18T11:11:16:   16  opReturn  line 1
[DEBUG] 2026-08-18T11:11:16: === END ===
[DEBUG] 2026-08-18T11:11:16: Kind: ltClosure
[DEBUG] 2026-08-18T11:11:16: IP:    1 | OP:  opGetGlobal | Stack: [function: <main>]
[DEBUG] 2026-08-18T11:11:16: Kind: ltClosure
[DEBUG] 2026-08-18T11:11:16: Kind: ltNativeFn
[DEBUG] 2026-08-18T11:11:16: IP:    3 | OP:   opConstant | Stack: [function: <main>, function: 0x4373463168]
[DEBUG] 2026-08-18T11:11:16: Kind: ltClosure
[DEBUG] 2026-08-18T11:11:16: Kind: ltNativeFn
[DEBUG] 2026-08-18T11:11:16: Kind: ltNumber
[DEBUG] 2026-08-18T11:11:16: IP:    5 | OP:        opNot | Stack: [function: <main>, function: 0x4373463168, 2.3]
[DEBUG] 2026-08-18T11:11:16: Kind: ltClosure
[DEBUG] 2026-08-18T11:11:16: Kind: ltNativeFn
[DEBUG] 2026-08-18T11:11:16: Kind: ltBool
[DEBUG] 2026-08-18T11:11:16: IP:    6 | OP:       opCall | Stack: [function: <main>, function: 0x4373463168, false]
[DEBUG] 2026-08-18T11:11:16: === PRINT OCCURRING ===
[DEBUG] 2026-08-18T11:11:16: === PRINT OCCURRING ===
[DEBUG] 2026-08-18T11:11:16: Kind: ltClosure
[DEBUG] 2026-08-18T11:11:16: Kind: ltNil
[DEBUG] 2026-08-18T11:11:16: IP:    8 | OP:        opPop | Stack: [function: <main>, nil]
[DEBUG] 2026-08-18T11:11:16: Kind: ltClosure
[DEBUG] 2026-08-18T11:11:16: IP:    9 | OP:  opGetGlobal | Stack: [function: <main>]
[DEBUG] 2026-08-18T11:11:16: Kind: ltClosure
[DEBUG] 2026-08-18T11:11:16: Kind: ltNativeFn
[DEBUG] 2026-08-18T11:11:16: IP:   11 | OP:   opConstant | Stack: [function: <main>, function: 0x4373463168]
[DEBUG] 2026-08-18T11:11:16: Kind: ltClosure
[DEBUG] 2026-08-18T11:11:16: Kind: ltNativeFn
[DEBUG] 2026-08-18T11:11:16: Kind: ltNumber
[DEBUG] 2026-08-18T11:11:16: IP:   13 | OP:     opBitNot | Stack: [function: <main>, function: 0x4373463168, 2.0]
[DEBUG] 2026-08-18T11:11:16: Kind: ltClosure
[DEBUG] 2026-08-18T11:11:16: Kind: ltNativeFn
[DEBUG] 2026-08-18T11:11:16: Kind: ltNumber
[DEBUG] 2026-08-18T11:11:16: IP:   14 | OP:       opCall | Stack: [function: <main>, function: 0x4373463168, -3.0]
[DEBUG] 2026-08-18T11:11:16: === PRINT OCCURRING ===
[DEBUG] 2026-08-18T11:11:16: === PRINT OCCURRING ===
[DEBUG] 2026-08-18T11:11:16: Kind: ltClosure
[DEBUG] 2026-08-18T11:11:16: Kind: ltNil
[DEBUG] 2026-08-18T11:11:16: IP:   16 | OP:        opPop | Stack: [function: <main>, nil]
[DEBUG] 2026-08-18T11:11:16: Kind: ltClosure
[DEBUG] 2026-08-18T11:11:16: IP:   17 | OP:     opReturn | Stack: [function: <main>]
[DEBUG] 2026-08-18T11:11:23: === <main> ===
[DEBUG] 2026-08-18T11:11:23:   0  opGetGlobal  line 1
[DEBUG] 2026-08-18T11:11:23:     global name: print
[DEBUG] 2026-08-18T11:11:23:   2  opConstant  line 1
[DEBUG] 2026-08-18T11:11:23:     constant[1] = 2.3
[DEBUG] 2026-08-18T11:11:23:   4  opNot  line 1
[DEBUG] 2026-08-18T11:11:23:   5  opCall  line 1
[DEBUG] 2026-08-18T11:11:23:     args: 1
[DEBUG] 2026-08-18T11:11:23:   7  opPop  line 2
[DEBUG] 2026-08-18T11:11:23:   8  opGetGlobal  line 2
[DEBUG] 2026-08-18T11:11:23:     global name: print
[DEBUG] 2026-08-18T11:11:23:   10  opConstant  line 2
[DEBUG] 2026-08-18T11:11:23:     constant[3] = 2.0
[DEBUG] 2026-08-18T11:11:23:   12  opBitNot  line 2
[DEBUG] 2026-08-18T11:11:23:   13  opCall  line 2
[DEBUG] 2026-08-18T11:11:23:     args: 1
[DEBUG] 2026-08-18T11:11:23:   15  opPop  line 2
[DEBUG] 2026-08-18T11:11:23:   16  opReturn  line 1
[DEBUG] 2026-08-18T11:11:23: === END ===
[DEBUG] 2026-08-18T11:11:23: === PRINT OCCURRING ===
[DEBUG] 2026-08-18T11:11:23: === PRINT OCCURRING ===
[DEBUG] 2026-08-18T11:11:23: === PRINT OCCURRING ===
[DEBUG] 2026-08-18T11:11:23: === PRINT OCCURRING ===
[DEBUG] 2026-08-18T11:11:38: === <main> ===
[DEBUG] 2026-08-18T11:11:38:   0  opGetGlobal  line 1
[DEBUG] 2026-08-18T11:11:38:     global name: print
[DEBUG] 2026-08-18T11:11:38:   2  opConstant  line 1
[DEBUG] 2026-08-18T11:11:38:     constant[1] = 2.3
[DEBUG] 2026-08-18T11:11:38:   4  opNot  line 1
[DEBUG] 2026-08-18T11:11:38:   5  opCall  line 1
[DEBUG] 2026-08-18T11:11:38:     args: 1
[DEBUG] 2026-08-18T11:11:38:   7  opPop  line 2
[DEBUG] 2026-08-18T11:11:38:   8  opGetGlobal  line 2
[DEBUG] 2026-08-18T11:11:38:     global name: print
[DEBUG] 2026-08-18T11:11:38:   10  opConstant  line 2
[DEBUG] 2026-08-18T11:11:38:     constant[3] = 2.0
[DEBUG] 2026-08-18T11:11:38:   12  opBitNot  line 2
[DEBUG] 2026-08-18T11:11:38:   13  opCall  line 2
[DEBUG] 2026-08-18T11:11:38:     args: 1
[DEBUG] 2026-08-18T11:11:38:   15  opPop  line 2
[DEBUG] 2026-08-18T11:11:38:   16  opReturn  line 1
[DEBUG] 2026-08-18T11:11:38: === END ===
[DEBUG] 2026-08-18T11:12:11: === <main> ===
[DEBUG] 2026-08-18T11:12:11:   0  opGetGlobal  line 1
[DEBUG] 2026-08-18T11:12:11:     global name: print
[DEBUG] 2026-08-18T11:12:11:   2  opConstant  line 1
[DEBUG] 2026-08-18T11:12:11:     constant[1] = 2.3
[DEBUG] 2026-08-18T11:12:11:   4  opNot  line 1
[DEBUG] 2026-08-18T11:12:11:   5  opCall  line 1
[DEBUG] 2026-08-18T11:12:11:     args: 1
[DEBUG] 2026-08-18T11:12:11:   7  opPop  line 2
[DEBUG] 2026-08-18T11:12:11:   8  opGetGlobal  line 2
[DEBUG] 2026-08-18T11:12:11:     global name: print
[DEBUG] 2026-08-18T11:12:11:   10  opConstant  line 2
[DEBUG] 2026-08-18T11:12:11:     constant[3] = 2.0
[DEBUG] 2026-08-18T11:12:11:   12  opBitNot  line 2
[DEBUG] 2026-08-18T11:12:11:   13  opCall  line 2
[DEBUG] 2026-08-18T11:12:11:     args: 1
[DEBUG] 2026-08-18T11:12:11:   15  opPop  line 4
[DEBUG] 2026-08-18T11:12:11:   16  opNewTable  line 6
[DEBUG] 2026-08-18T11:12:11:   17  opConstant  line 4
[DEBUG] 2026-08-18T11:12:11:     constant[4] = "a"
[DEBUG] 2026-08-18T11:12:11:   19  opConstant  line 4
[DEBUG] 2026-08-18T11:12:11:     constant[5] = 1.0
[DEBUG] 2026-08-18T11:12:11:   21  opSetTable  line 6
[DEBUG] 2026-08-18T11:12:11:   22  opConstant  line 4
[DEBUG] 2026-08-18T11:12:11:     constant[6] = "b"
[DEBUG] 2026-08-18T11:12:11:   24  opConstant  line 4
[DEBUG] 2026-08-18T11:12:11:     constant[7] = 2.0
[DEBUG] 2026-08-18T11:12:11:   26  opSetTable  line 6
[DEBUG] 2026-08-18T11:12:11:   27  opSetLocal  line 6
[DEBUG] 2026-08-18T11:12:11:     slot: 1
[DEBUG] 2026-08-18T11:12:11:   29  opGetGlobal  line 6
[DEBUG] 2026-08-18T11:12:11:     global name: print
[DEBUG] 2026-08-18T11:12:11:   31  opGetLocal  line 6
[DEBUG] 2026-08-18T11:12:11:     slot: 1
[DEBUG] 2026-08-18T11:12:11:   33  opLen  line 6
[DEBUG] 2026-08-18T11:12:11:   34  opCall  line 6
[DEBUG] 2026-08-18T11:12:11:     args: 1
[DEBUG] 2026-08-18T11:12:11:   36  opPop  line 6
[DEBUG] 2026-08-18T11:12:11:   37  opReturn  line 1
[DEBUG] 2026-08-18T11:12:11: === END ===
[DEBUG] 2026-08-18T11:12:41: === <main> ===
[DEBUG] 2026-08-18T11:12:41:   0  opGetGlobal  line 1
[DEBUG] 2026-08-18T11:12:41:     global name: print
[DEBUG] 2026-08-18T11:12:41:   2  opConstant  line 1
[DEBUG] 2026-08-18T11:12:41:     constant[1] = 2.3
[DEBUG] 2026-08-18T11:12:41:   4  opNot  line 1
[DEBUG] 2026-08-18T11:12:41:   5  opCall  line 1
[DEBUG] 2026-08-18T11:12:41:     args: 1
[DEBUG] 2026-08-18T11:12:41:   7  opPop  line 2
[DEBUG] 2026-08-18T11:12:41:   8  opGetGlobal  line 2
[DEBUG] 2026-08-18T11:12:41:     global name: print
[DEBUG] 2026-08-18T11:12:41:   10  opConstant  line 2
[DEBUG] 2026-08-18T11:12:41:     constant[3] = 2.0
[DEBUG] 2026-08-18T11:12:41:   12  opBitNot  line 2
[DEBUG] 2026-08-18T11:12:41:   13  opCall  line 2
[DEBUG] 2026-08-18T11:12:41:     args: 1
[DEBUG] 2026-08-18T11:12:41:   15  opPop  line 4
[DEBUG] 2026-08-18T11:12:41:   16  opNewTable  line 6
[DEBUG] 2026-08-18T11:12:41:   17  opConstant  line 4
[DEBUG] 2026-08-18T11:12:41:     constant[4] = "a"
[DEBUG] 2026-08-18T11:12:41:   19  opConstant  line 4
[DEBUG] 2026-08-18T11:12:41:     constant[5] = 1.0
[DEBUG] 2026-08-18T11:12:41:   21  opSetTable  line 6
[DEBUG] 2026-08-18T11:12:41:   22  opConstant  line 4
[DEBUG] 2026-08-18T11:12:41:     constant[6] = "b"
[DEBUG] 2026-08-18T11:12:41:   24  opConstant  line 4
[DEBUG] 2026-08-18T11:12:41:     constant[7] = 2.0
[DEBUG] 2026-08-18T11:12:41:   26  opSetTable  line 6
[DEBUG] 2026-08-18T11:12:41:   27  opSetLocal  line 6
[DEBUG] 2026-08-18T11:12:41:     slot: 1
[DEBUG] 2026-08-18T11:12:41:   29  opGetGlobal  line 6
[DEBUG] 2026-08-18T11:12:41:     global name: print
[DEBUG] 2026-08-18T11:12:41:   31  opGetLocal  line 6
[DEBUG] 2026-08-18T11:12:41:     slot: 1
[DEBUG] 2026-08-18T11:12:41:   33  opLen  line 6
[DEBUG] 2026-08-18T11:12:41:   34  opCall  line 6
[DEBUG] 2026-08-18T11:12:41:     args: 1
[DEBUG] 2026-08-18T11:12:41:   36  opPop  line 8
[DEBUG] 2026-08-18T11:12:41:   37  opGetGlobal  line 8
[DEBUG] 2026-08-18T11:12:41:     global name: print
[DEBUG] 2026-08-18T11:12:41:   39  opConstant  line 8
[DEBUG] 2026-08-18T11:12:41:     constant[10] = 2.0
[DEBUG] 2026-08-18T11:12:41:   41  opConstant  line 8
[DEBUG] 2026-08-18T11:12:41:     constant[11] = 3.0
[DEBUG] 2026-08-18T11:12:41:   43  opExponent  line 8
[DEBUG] 2026-08-18T11:12:41:   44  opCall  line 8
[DEBUG] 2026-08-18T11:12:41:     args: 1
[DEBUG] 2026-08-18T11:12:41:   46  opPop  line 8
[DEBUG] 2026-08-18T11:12:41:   47  opReturn  line 1
[DEBUG] 2026-08-18T11:12:41: === END ===
[DEBUG] 2026-08-18T11:26:29: === <main> ===
[DEBUG] 2026-08-18T11:26:29:   0  opGetGlobal  line 1
[DEBUG] 2026-08-18T11:26:29:     global name: print
[DEBUG] 2026-08-18T11:26:29:   2  opConstant  line 1
[DEBUG] 2026-08-18T11:26:29:     constant[1] = 2.3
[DEBUG] 2026-08-18T11:26:29:   4  opNot  line 1
[DEBUG] 2026-08-18T11:26:29:   5  opCall  line 1
[DEBUG] 2026-08-18T11:26:29:     args: 1
[DEBUG] 2026-08-18T11:26:29:   7  opPop  line 2
[DEBUG] 2026-08-18T11:26:29:   8  opGetGlobal  line 2
[DEBUG] 2026-08-18T11:26:29:     global name: print
[DEBUG] 2026-08-18T11:26:29:   10  opConstant  line 2
[DEBUG] 2026-08-18T11:26:29:     constant[3] = 2.0
[DEBUG] 2026-08-18T11:26:29:   12  opBitNot  line 2
[DEBUG] 2026-08-18T11:26:29:   13  opCall  line 2
[DEBUG] 2026-08-18T11:26:29:     args: 1
[DEBUG] 2026-08-18T11:26:29:   15  opPop  line 4
[DEBUG] 2026-08-18T11:26:29:   16  opNewTable  line 6
[DEBUG] 2026-08-18T11:26:29:   17  opConstant  line 4
[DEBUG] 2026-08-18T11:26:29:     constant[4] = "a"
[DEBUG] 2026-08-18T11:26:29:   19  opConstant  line 4
[DEBUG] 2026-08-18T11:26:29:     constant[5] = 1.0
[DEBUG] 2026-08-18T11:26:29:   21  opSetTable  line 6
[DEBUG] 2026-08-18T11:26:29:   22  opConstant  line 4
[DEBUG] 2026-08-18T11:26:29:     constant[6] = "b"
[DEBUG] 2026-08-18T11:26:29:   24  opConstant  line 4
[DEBUG] 2026-08-18T11:26:29:     constant[7] = 2.0
[DEBUG] 2026-08-18T11:26:29:   26  opSetTable  line 6
[DEBUG] 2026-08-18T11:26:29:   27  opSetLocal  line 6
[DEBUG] 2026-08-18T11:26:29:     slot: 1
[DEBUG] 2026-08-18T11:26:29:   29  opGetGlobal  line 6
[DEBUG] 2026-08-18T11:26:29:     global name: print
[DEBUG] 2026-08-18T11:26:29:   31  opGetLocal  line 6
[DEBUG] 2026-08-18T11:26:29:     slot: 1
[DEBUG] 2026-08-18T11:26:29:   33  opLen  line 6
[DEBUG] 2026-08-18T11:26:29:   34  opCall  line 6
[DEBUG] 2026-08-18T11:26:29:     args: 1
[DEBUG] 2026-08-18T11:26:29:   36  opPop  line 8
[DEBUG] 2026-08-18T11:26:29:   37  opGetGlobal  line 8
[DEBUG] 2026-08-18T11:26:29:     global name: print
[DEBUG] 2026-08-18T11:26:29:   39  opConstant  line 8
[DEBUG] 2026-08-18T11:26:29:     constant[10] = 2.0
[DEBUG] 2026-08-18T11:26:29:   41  opConstant  line 8
[DEBUG] 2026-08-18T11:26:29:     constant[11] = 3.0
[DEBUG] 2026-08-18T11:26:29:   43  opExponent  line 8
[DEBUG] 2026-08-18T11:26:29:   44  opCall  line 8
[DEBUG] 2026-08-18T11:26:29:     args: 1
[DEBUG] 2026-08-18T11:26:29:   46  opPop  line 10
[DEBUG] 2026-08-18T11:26:29:   47  opGetGlobal  line 10
[DEBUG] 2026-08-18T11:26:29:     global name: print
[DEBUG] 2026-08-18T11:26:29:   49  opConstant  line 10
[DEBUG] 2026-08-18T11:26:29:     constant[13] = "a"
[DEBUG] 2026-08-18T11:26:29:   51  opConstant  line 10
[DEBUG] 2026-08-18T11:26:29:     constant[14] = " and "
[DEBUG] 2026-08-18T11:26:29:   53  opConstant  line 10
[DEBUG] 2026-08-18T11:26:29:     constant[15] = "b"
[DEBUG] 2026-08-18T11:26:29:   55  opConcat  line 10
[DEBUG] 2026-08-18T11:26:29:   56  opConcat  line 10
[DEBUG] 2026-08-18T11:26:29:   57  opCall  line 10
[DEBUG] 2026-08-18T11:26:29:     args: 1
[DEBUG] 2026-08-18T11:26:29:   59  opPop  line 10
[DEBUG] 2026-08-18T11:26:29:   60  opReturn  line 1
[DEBUG] 2026-08-18T11:26:29: === END ===
[DEBUG] 2026-08-18T13:43:14: === <main> ===
[DEBUG] 2026-08-18T13:43:14:   0  opClosure  line 1
[DEBUG] 2026-08-18T13:43:14:     constant[0] = function: Test
[DEBUG] 2026-08-18T13:43:14:   2  opSetLocal  line 1
[DEBUG] 2026-08-18T13:43:14:     slot: 1
[DEBUG] 2026-08-18T13:43:14:   4  opGetLocal  line 10
[DEBUG] 2026-08-18T13:43:14:     slot: 1
[DEBUG] 2026-08-18T13:43:14:   6  opConstant  line 10
[DEBUG] 2026-08-18T13:43:14:     constant[1] = "Hello"
[DEBUG] 2026-08-18T13:43:14:   8  opConstant  line 10
[DEBUG] 2026-08-18T13:43:14:     constant[2] = 10.0
[DEBUG] 2026-08-18T13:43:14:   10  opConstant  line 10
[DEBUG] 2026-08-18T13:43:14:     constant[3] = 20.0
[DEBUG] 2026-08-18T13:43:14:   12  opConstant  line 10
[DEBUG] 2026-08-18T13:43:14:     constant[4] = 30.0
[DEBUG] 2026-08-18T13:43:14:   14  opCall  line 10
[DEBUG] 2026-08-18T13:43:14:     args: 4
[DEBUG] 2026-08-18T13:43:14:   16  opPop  line 10
[DEBUG] 2026-08-18T13:43:14:   17  opReturn  line 1
[DEBUG] 2026-08-18T13:43:14: === END ===
[DEBUG] 2026-08-18T13:43:14: Kind: ltClosure
[DEBUG] 2026-08-18T13:43:14: IP:    1 | OP:    opClosure | Stack: [function: <main>]
[DEBUG] 2026-08-18T13:43:14: Kind: ltClosure
[DEBUG] 2026-08-18T13:43:14: Kind: ltClosure
[DEBUG] 2026-08-18T13:43:14: IP:    3 | OP:   opSetLocal | Stack: [function: <main>, function: Test]
[DEBUG] 2026-08-18T13:43:14: Kind: ltClosure
[DEBUG] 2026-08-18T13:43:14: Kind: ltClosure
[DEBUG] 2026-08-18T13:43:14: IP:    5 | OP:   opGetLocal | Stack: [function: <main>, function: Test]
[DEBUG] 2026-08-18T13:43:14: Kind: ltClosure
[DEBUG] 2026-08-18T13:43:14: Kind: ltClosure
[DEBUG] 2026-08-18T13:43:14: Kind: ltClosure
[DEBUG] 2026-08-18T13:43:14: IP:    7 | OP:   opConstant | Stack: [function: <main>, function: Test, function: Test]
[DEBUG] 2026-08-18T13:43:14: Kind: ltClosure
[DEBUG] 2026-08-18T13:43:14: Kind: ltClosure
[DEBUG] 2026-08-18T13:43:14: Kind: ltClosure
[DEBUG] 2026-08-18T13:43:14: Kind: ltString
[DEBUG] 2026-08-18T13:43:14: IP:    9 | OP:   opConstant | Stack: [function: <main>, function: Test, function: Test, "Hello"]
[DEBUG] 2026-08-18T13:43:14: Kind: ltClosure
[DEBUG] 2026-08-18T13:43:14: Kind: ltClosure
[DEBUG] 2026-08-18T13:43:14: Kind: ltClosure
[DEBUG] 2026-08-18T13:43:14: Kind: ltString
[DEBUG] 2026-08-18T13:43:14: Kind: ltNumber
[DEBUG] 2026-08-18T13:43:14: IP:   11 | OP:   opConstant | Stack: [function: <main>, function: Test, function: Test, "Hello", 10.0]
[DEBUG] 2026-08-18T13:43:14: Kind: ltClosure
[DEBUG] 2026-08-18T13:43:14: Kind: ltClosure
[DEBUG] 2026-08-18T13:43:14: Kind: ltClosure
[DEBUG] 2026-08-18T13:43:14: Kind: ltString
[DEBUG] 2026-08-18T13:43:14: Kind: ltNumber
[DEBUG] 2026-08-18T13:43:14: Kind: ltNumber
[DEBUG] 2026-08-18T13:43:14: IP:   13 | OP:   opConstant | Stack: [function: <main>, function: Test, function: Test, "Hello", 10.0, 20.0]
[DEBUG] 2026-08-18T13:43:14: Kind: ltClosure
[DEBUG] 2026-08-18T13:43:14: Kind: ltClosure
[DEBUG] 2026-08-18T13:43:14: Kind: ltClosure
[DEBUG] 2026-08-18T13:43:14: Kind: ltString
[DEBUG] 2026-08-18T13:43:14: Kind: ltNumber
[DEBUG] 2026-08-18T13:43:14: Kind: ltNumber
[DEBUG] 2026-08-18T13:43:14: Kind: ltNumber
[DEBUG] 2026-08-18T13:43:14: IP:   15 | OP:       opCall | Stack: [function: <main>, function: Test, function: Test, "Hello", 10.0, 20.0, 30.0]
[FATAL] 2026-08-18T13:43:14: Runtime Error: Expected 0 args but got 4
[DEBUG] 2026-08-18T13:45:04: === <main> ===
[DEBUG] 2026-08-18T13:45:04:   0  opClosure  line 1
[DEBUG] 2026-08-18T13:45:04:     constant[0] = function: Test
[DEBUG] 2026-08-18T13:45:04:   2  opSetLocal  line 1
[DEBUG] 2026-08-18T13:45:04:     slot: 1
[DEBUG] 2026-08-18T13:45:04:   4  opGetLocal  line 10
[DEBUG] 2026-08-18T13:45:04:     slot: 1
[DEBUG] 2026-08-18T13:45:04:   6  opConstant  line 10
[DEBUG] 2026-08-18T13:45:04:     constant[1] = "Hello"
[DEBUG] 2026-08-18T13:45:04:   8  opConstant  line 10
[DEBUG] 2026-08-18T13:45:04:     constant[2] = 10.0
[DEBUG] 2026-08-18T13:45:04:   10  opConstant  line 10
[DEBUG] 2026-08-18T13:45:04:     constant[3] = 20.0
[DEBUG] 2026-08-18T13:45:04:   12  opConstant  line 10
[DEBUG] 2026-08-18T13:45:04:     constant[4] = 30.0
[DEBUG] 2026-08-18T13:45:04:   14  opCall  line 10
[DEBUG] 2026-08-18T13:45:04:     args: 4
[DEBUG] 2026-08-18T13:45:04:   16  opPop  line 10
[DEBUG] 2026-08-18T13:45:04:   17  opReturn  line 1
[DEBUG] 2026-08-18T13:45:04: === END ===
[DEBUG] 2026-08-18T13:45:04: Kind: ltClosure
[DEBUG] 2026-08-18T13:45:04: IP:    1 | OP:    opClosure | Stack: [function: <main>]
[DEBUG] 2026-08-18T13:45:04: Kind: ltClosure
[DEBUG] 2026-08-18T13:45:04: Kind: ltClosure
[DEBUG] 2026-08-18T13:45:04: IP:    3 | OP:   opSetLocal | Stack: [function: <main>, function: Test]
[DEBUG] 2026-08-18T13:45:04: Kind: ltClosure
[DEBUG] 2026-08-18T13:45:04: Kind: ltClosure
[DEBUG] 2026-08-18T13:45:04: IP:    5 | OP:   opGetLocal | Stack: [function: <main>, function: Test]
[DEBUG] 2026-08-18T13:45:04: Kind: ltClosure
[DEBUG] 2026-08-18T13:45:04: Kind: ltClosure
[DEBUG] 2026-08-18T13:45:04: Kind: ltClosure
[DEBUG] 2026-08-18T13:45:04: IP:    7 | OP:   opConstant | Stack: [function: <main>, function: Test, function: Test]
[DEBUG] 2026-08-18T13:45:04: Kind: ltClosure
[DEBUG] 2026-08-18T13:45:04: Kind: ltClosure
[DEBUG] 2026-08-18T13:45:04: Kind: ltClosure
[DEBUG] 2026-08-18T13:45:04: Kind: ltString
[DEBUG] 2026-08-18T13:45:04: IP:    9 | OP:   opConstant | Stack: [function: <main>, function: Test, function: Test, "Hello"]
[DEBUG] 2026-08-18T13:45:04: Kind: ltClosure
[DEBUG] 2026-08-18T13:45:04: Kind: ltClosure
[DEBUG] 2026-08-18T13:45:04: Kind: ltClosure
[DEBUG] 2026-08-18T13:45:04: Kind: ltString
[DEBUG] 2026-08-18T13:45:04: Kind: ltNumber
[DEBUG] 2026-08-18T13:45:04: IP:   11 | OP:   opConstant | Stack: [function: <main>, function: Test, function: Test, "Hello", 10.0]
[DEBUG] 2026-08-18T13:45:04: Kind: ltClosure
[DEBUG] 2026-08-18T13:45:04: Kind: ltClosure
[DEBUG] 2026-08-18T13:45:04: Kind: ltClosure
[DEBUG] 2026-08-18T13:45:04: Kind: ltString
[DEBUG] 2026-08-18T13:45:04: Kind: ltNumber
[DEBUG] 2026-08-18T13:45:04: Kind: ltNumber
[DEBUG] 2026-08-18T13:45:04: IP:   13 | OP:   opConstant | Stack: [function: <main>, function: Test, function: Test, "Hello", 10.0, 20.0]
[DEBUG] 2026-08-18T13:45:04: Kind: ltClosure
[DEBUG] 2026-08-18T13:45:04: Kind: ltClosure
[DEBUG] 2026-08-18T13:45:04: Kind: ltClosure
[DEBUG] 2026-08-18T13:45:04: Kind: ltString
[DEBUG] 2026-08-18T13:45:04: Kind: ltNumber
[DEBUG] 2026-08-18T13:45:04: Kind: ltNumber
[DEBUG] 2026-08-18T13:45:04: Kind: ltNumber
[DEBUG] 2026-08-18T13:45:04: IP:   15 | OP:       opCall | Stack: [function: <main>, function: Test, function: Test, "Hello", 10.0, 20.0, 30.0]
[DEBUG] 2026-08-18T13:45:04: Test
[FATAL] 2026-08-18T13:45:04: Runtime Error: Expected 0 args but got 4
[DEBUG] 2026-08-18T13:45:24: === <main> ===
[DEBUG] 2026-08-18T13:45:24:   0  opClosure  line 1
[DEBUG] 2026-08-18T13:45:24:     constant[0] = function: Test
[DEBUG] 2026-08-18T13:45:24:   2  opSetLocal  line 1
[DEBUG] 2026-08-18T13:45:24:     slot: 1
[DEBUG] 2026-08-18T13:45:24:   4  opGetLocal  line 10
[DEBUG] 2026-08-18T13:45:24:     slot: 1
[DEBUG] 2026-08-18T13:45:24:   6  opConstant  line 10
[DEBUG] 2026-08-18T13:45:24:     constant[1] = "Hello"
[DEBUG] 2026-08-18T13:45:24:   8  opConstant  line 10
[DEBUG] 2026-08-18T13:45:24:     constant[2] = 10.0
[DEBUG] 2026-08-18T13:45:24:   10  opConstant  line 10
[DEBUG] 2026-08-18T13:45:24:     constant[3] = 20.0
[DEBUG] 2026-08-18T13:45:24:   12  opConstant  line 10
[DEBUG] 2026-08-18T13:45:24:     constant[4] = 30.0
[DEBUG] 2026-08-18T13:45:24:   14  opCall  line 10
[DEBUG] 2026-08-18T13:45:24:     args: 4
[DEBUG] 2026-08-18T13:45:24:   16  opPop  line 10
[DEBUG] 2026-08-18T13:45:24:   17  opReturn  line 1
[DEBUG] 2026-08-18T13:45:24: === END ===
[DEBUG] 2026-08-18T13:45:24: Kind: ltClosure
[DEBUG] 2026-08-18T13:45:24: IP:    1 | OP:    opClosure | Stack: [function: <main>]
[DEBUG] 2026-08-18T13:45:24: Kind: ltClosure
[DEBUG] 2026-08-18T13:45:24: Kind: ltClosure
[DEBUG] 2026-08-18T13:45:24: IP:    3 | OP:   opSetLocal | Stack: [function: <main>, function: Test]
[DEBUG] 2026-08-18T13:45:24: Kind: ltClosure
[DEBUG] 2026-08-18T13:45:24: Kind: ltClosure
[DEBUG] 2026-08-18T13:45:24: IP:    5 | OP:   opGetLocal | Stack: [function: <main>, function: Test]
[DEBUG] 2026-08-18T13:45:24: Kind: ltClosure
[DEBUG] 2026-08-18T13:45:24: Kind: ltClosure
[DEBUG] 2026-08-18T13:45:24: Kind: ltClosure
[DEBUG] 2026-08-18T13:45:24: IP:    7 | OP:   opConstant | Stack: [function: <main>, function: Test, function: Test]
[DEBUG] 2026-08-18T13:45:24: Kind: ltClosure
[DEBUG] 2026-08-18T13:45:24: Kind: ltClosure
[DEBUG] 2026-08-18T13:45:24: Kind: ltClosure
[DEBUG] 2026-08-18T13:45:24: Kind: ltString
[DEBUG] 2026-08-18T13:45:24: IP:    9 | OP:   opConstant | Stack: [function: <main>, function: Test, function: Test, "Hello"]
[DEBUG] 2026-08-18T13:45:24: Kind: ltClosure
[DEBUG] 2026-08-18T13:45:24: Kind: ltClosure
[DEBUG] 2026-08-18T13:45:24: Kind: ltClosure
[DEBUG] 2026-08-18T13:45:24: Kind: ltString
[DEBUG] 2026-08-18T13:45:24: Kind: ltNumber
[DEBUG] 2026-08-18T13:45:24: IP:   11 | OP:   opConstant | Stack: [function: <main>, function: Test, function: Test, "Hello", 10.0]
[DEBUG] 2026-08-18T13:45:24: Kind: ltClosure
[DEBUG] 2026-08-18T13:45:24: Kind: ltClosure
[DEBUG] 2026-08-18T13:45:24: Kind: ltClosure
[DEBUG] 2026-08-18T13:45:24: Kind: ltString
[DEBUG] 2026-08-18T13:45:24: Kind: ltNumber
[DEBUG] 2026-08-18T13:45:24: Kind: ltNumber
[DEBUG] 2026-08-18T13:45:24: IP:   13 | OP:   opConstant | Stack: [function: <main>, function: Test, function: Test, "Hello", 10.0, 20.0]
[DEBUG] 2026-08-18T13:45:24: Kind: ltClosure
[DEBUG] 2026-08-18T13:45:24: Kind: ltClosure
[DEBUG] 2026-08-18T13:45:24: Kind: ltClosure
[DEBUG] 2026-08-18T13:45:24: Kind: ltString
[DEBUG] 2026-08-18T13:45:24: Kind: ltNumber
[DEBUG] 2026-08-18T13:45:24: Kind: ltNumber
[DEBUG] 2026-08-18T13:45:24: Kind: ltNumber
[DEBUG] 2026-08-18T13:45:24: IP:   15 | OP:       opCall | Stack: [function: <main>, function: Test, function: Test, "Hello", 10.0, 20.0, 30.0]
[DEBUG] 2026-08-18T13:45:24: Test
[DEBUG] 2026-08-18T13:45:24: Not vararg: false
[FATAL] 2026-08-18T13:45:24: Runtime Error: Expected 0 args but got 4
[INFO] 2026-08-18T13:46:29: Node name: Test
[INFO] 2026-08-18T13:46:29: Node vararg: false
[DEBUG] 2026-08-18T13:46:29: === <main> ===
[DEBUG] 2026-08-18T13:46:29:   0  opClosure  line 1
[DEBUG] 2026-08-18T13:46:29:     constant[0] = function: Test
[DEBUG] 2026-08-18T13:46:29:   2  opSetLocal  line 1
[DEBUG] 2026-08-18T13:46:29:     slot: 1
[DEBUG] 2026-08-18T13:46:29:   4  opGetLocal  line 10
[DEBUG] 2026-08-18T13:46:29:     slot: 1
[DEBUG] 2026-08-18T13:46:29:   6  opConstant  line 10
[DEBUG] 2026-08-18T13:46:29:     constant[1] = "Hello"
[DEBUG] 2026-08-18T13:46:29:   8  opConstant  line 10
[DEBUG] 2026-08-18T13:46:29:     constant[2] = 10.0
[DEBUG] 2026-08-18T13:46:29:   10  opConstant  line 10
[DEBUG] 2026-08-18T13:46:29:     constant[3] = 20.0
[DEBUG] 2026-08-18T13:46:29:   12  opConstant  line 10
[DEBUG] 2026-08-18T13:46:29:     constant[4] = 30.0
[DEBUG] 2026-08-18T13:46:29:   14  opCall  line 10
[DEBUG] 2026-08-18T13:46:29:     args: 4
[DEBUG] 2026-08-18T13:46:29:   16  opPop  line 10
[DEBUG] 2026-08-18T13:46:29:   17  opReturn  line 1
[DEBUG] 2026-08-18T13:46:29: === END ===
[DEBUG] 2026-08-18T13:46:29: Kind: ltClosure
[DEBUG] 2026-08-18T13:46:29: IP:    1 | OP:    opClosure | Stack: [function: <main>]
[DEBUG] 2026-08-18T13:46:29: Kind: ltClosure
[DEBUG] 2026-08-18T13:46:29: Kind: ltClosure
[DEBUG] 2026-08-18T13:46:29: IP:    3 | OP:   opSetLocal | Stack: [function: <main>, function: Test]
[DEBUG] 2026-08-18T13:46:29: Kind: ltClosure
[DEBUG] 2026-08-18T13:46:29: Kind: ltClosure
[DEBUG] 2026-08-18T13:46:29: IP:    5 | OP:   opGetLocal | Stack: [function: <main>, function: Test]
[DEBUG] 2026-08-18T13:46:29: Kind: ltClosure
[DEBUG] 2026-08-18T13:46:29: Kind: ltClosure
[DEBUG] 2026-08-18T13:46:29: Kind: ltClosure
[DEBUG] 2026-08-18T13:46:29: IP:    7 | OP:   opConstant | Stack: [function: <main>, function: Test, function: Test]
[DEBUG] 2026-08-18T13:46:29: Kind: ltClosure
[DEBUG] 2026-08-18T13:46:29: Kind: ltClosure
[DEBUG] 2026-08-18T13:46:29: Kind: ltClosure
[DEBUG] 2026-08-18T13:46:29: Kind: ltString
[DEBUG] 2026-08-18T13:46:29: IP:    9 | OP:   opConstant | Stack: [function: <main>, function: Test, function: Test, "Hello"]
[DEBUG] 2026-08-18T13:46:29: Kind: ltClosure
[DEBUG] 2026-08-18T13:46:29: Kind: ltClosure
[DEBUG] 2026-08-18T13:46:29: Kind: ltClosure
[DEBUG] 2026-08-18T13:46:29: Kind: ltString
[DEBUG] 2026-08-18T13:46:29: Kind: ltNumber
[DEBUG] 2026-08-18T13:46:29: IP:   11 | OP:   opConstant | Stack: [function: <main>, function: Test, function: Test, "Hello", 10.0]
[DEBUG] 2026-08-18T13:46:29: Kind: ltClosure
[DEBUG] 2026-08-18T13:46:29: Kind: ltClosure
[DEBUG] 2026-08-18T13:46:29: Kind: ltClosure
[DEBUG] 2026-08-18T13:46:29: Kind: ltString
[DEBUG] 2026-08-18T13:46:29: Kind: ltNumber
[DEBUG] 2026-08-18T13:46:29: Kind: ltNumber
[DEBUG] 2026-08-18T13:46:29: IP:   13 | OP:   opConstant | Stack: [function: <main>, function: Test, function: Test, "Hello", 10.0, 20.0]
[DEBUG] 2026-08-18T13:46:29: Kind: ltClosure
[DEBUG] 2026-08-18T13:46:29: Kind: ltClosure
[DEBUG] 2026-08-18T13:46:29: Kind: ltClosure
[DEBUG] 2026-08-18T13:46:29: Kind: ltString
[DEBUG] 2026-08-18T13:46:29: Kind: ltNumber
[DEBUG] 2026-08-18T13:46:29: Kind: ltNumber
[DEBUG] 2026-08-18T13:46:29: Kind: ltNumber
[DEBUG] 2026-08-18T13:46:29: IP:   15 | OP:       opCall | Stack: [function: <main>, function: Test, function: Test, "Hello", 10.0, 20.0, 30.0]
[DEBUG] 2026-08-18T13:46:29: Test
[DEBUG] 2026-08-18T13:46:29: Not vararg: false
[FATAL] 2026-08-18T13:46:29: Runtime Error: Expected 0 args but got 4
[INFO] 2026-08-18T13:47:44: Matching tkDots
[INFO] 2026-08-18T13:47:44: Matching tkDots
[INFO] 2026-08-18T13:47:44: Matching tkDots
[INFO] 2026-08-18T13:47:44: Node name: Test
[INFO] 2026-08-18T13:47:44: Node vararg: false
[DEBUG] 2026-08-18T13:47:44: === <main> ===
[DEBUG] 2026-08-18T13:47:44:   0  opClosure  line 1
[DEBUG] 2026-08-18T13:47:44:     constant[0] = function: Test
[DEBUG] 2026-08-18T13:47:44:   2  opSetLocal  line 1
[DEBUG] 2026-08-18T13:47:44:     slot: 1
[DEBUG] 2026-08-18T13:47:44:   4  opGetLocal  line 10
[DEBUG] 2026-08-18T13:47:44:     slot: 1
[DEBUG] 2026-08-18T13:47:44:   6  opConstant  line 10
[DEBUG] 2026-08-18T13:47:44:     constant[1] = "Hello"
[DEBUG] 2026-08-18T13:47:44:   8  opConstant  line 10
[DEBUG] 2026-08-18T13:47:44:     constant[2] = 10.0
[DEBUG] 2026-08-18T13:47:44:   10  opConstant  line 10
[DEBUG] 2026-08-18T13:47:44:     constant[3] = 20.0
[DEBUG] 2026-08-18T13:47:44:   12  opConstant  line 10
[DEBUG] 2026-08-18T13:47:44:     constant[4] = 30.0
[DEBUG] 2026-08-18T13:47:44:   14  opCall  line 10
[DEBUG] 2026-08-18T13:47:44:     args: 4
[DEBUG] 2026-08-18T13:47:44:   16  opPop  line 10
[DEBUG] 2026-08-18T13:47:44:   17  opReturn  line 1
[DEBUG] 2026-08-18T13:47:44: === END ===
[DEBUG] 2026-08-18T13:47:44: Kind: ltClosure
[DEBUG] 2026-08-18T13:47:44: IP:    1 | OP:    opClosure | Stack: [function: <main>]
[DEBUG] 2026-08-18T13:47:44: Kind: ltClosure
[DEBUG] 2026-08-18T13:47:44: Kind: ltClosure
[DEBUG] 2026-08-18T13:47:44: IP:    3 | OP:   opSetLocal | Stack: [function: <main>, function: Test]
[DEBUG] 2026-08-18T13:47:44: Kind: ltClosure
[DEBUG] 2026-08-18T13:47:44: Kind: ltClosure
[DEBUG] 2026-08-18T13:47:44: IP:    5 | OP:   opGetLocal | Stack: [function: <main>, function: Test]
[DEBUG] 2026-08-18T13:47:44: Kind: ltClosure
[DEBUG] 2026-08-18T13:47:44: Kind: ltClosure
[DEBUG] 2026-08-18T13:47:44: Kind: ltClosure
[DEBUG] 2026-08-18T13:47:44: IP:    7 | OP:   opConstant | Stack: [function: <main>, function: Test, function: Test]
[DEBUG] 2026-08-18T13:47:44: Kind: ltClosure
[DEBUG] 2026-08-18T13:47:44: Kind: ltClosure
[DEBUG] 2026-08-18T13:47:44: Kind: ltClosure
[DEBUG] 2026-08-18T13:47:44: Kind: ltString
[DEBUG] 2026-08-18T13:47:44: IP:    9 | OP:   opConstant | Stack: [function: <main>, function: Test, function: Test, "Hello"]
[DEBUG] 2026-08-18T13:47:44: Kind: ltClosure
[DEBUG] 2026-08-18T13:47:44: Kind: ltClosure
[DEBUG] 2026-08-18T13:47:44: Kind: ltClosure
[DEBUG] 2026-08-18T13:47:44: Kind: ltString
[DEBUG] 2026-08-18T13:47:44: Kind: ltNumber
[DEBUG] 2026-08-18T13:47:44: IP:   11 | OP:   opConstant | Stack: [function: <main>, function: Test, function: Test, "Hello", 10.0]
[DEBUG] 2026-08-18T13:47:44: Kind: ltClosure
[DEBUG] 2026-08-18T13:47:44: Kind: ltClosure
[DEBUG] 2026-08-18T13:47:44: Kind: ltClosure
[DEBUG] 2026-08-18T13:47:44: Kind: ltString
[DEBUG] 2026-08-18T13:47:44: Kind: ltNumber
[DEBUG] 2026-08-18T13:47:44: Kind: ltNumber
[DEBUG] 2026-08-18T13:47:44: IP:   13 | OP:   opConstant | Stack: [function: <main>, function: Test, function: Test, "Hello", 10.0, 20.0]
[DEBUG] 2026-08-18T13:47:44: Kind: ltClosure
[DEBUG] 2026-08-18T13:47:44: Kind: ltClosure
[DEBUG] 2026-08-18T13:47:44: Kind: ltClosure
[DEBUG] 2026-08-18T13:47:44: Kind: ltString
[DEBUG] 2026-08-18T13:47:44: Kind: ltNumber
[DEBUG] 2026-08-18T13:47:44: Kind: ltNumber
[DEBUG] 2026-08-18T13:47:44: Kind: ltNumber
[DEBUG] 2026-08-18T13:47:44: IP:   15 | OP:       opCall | Stack: [function: <main>, function: Test, function: Test, "Hello", 10.0, 20.0, 30.0]
[DEBUG] 2026-08-18T13:47:44: Test
[DEBUG] 2026-08-18T13:47:44: Not vararg: false
[FATAL] 2026-08-18T13:47:44: Runtime Error: Expected 0 args but got 4
[DEBUG] 2026-08-18T13:48:56: Tkdots? tkDots
[DEBUG] 2026-08-18T13:48:56: Tkdots? tkDots
[INFO] 2026-08-18T13:48:56: Node name: Test
[INFO] 2026-08-18T13:48:56: Node vararg: false
[DEBUG] 2026-08-18T13:48:56: === <main> ===
[DEBUG] 2026-08-18T13:48:56:   0  opClosure  line 1
[DEBUG] 2026-08-18T13:48:56:     constant[0] = function: Test
[DEBUG] 2026-08-18T13:48:56:   2  opSetLocal  line 1
[DEBUG] 2026-08-18T13:48:56:     slot: 1
[DEBUG] 2026-08-18T13:48:56:   4  opGetLocal  line 10
[DEBUG] 2026-08-18T13:48:56:     slot: 1
[DEBUG] 2026-08-18T13:48:56:   6  opConstant  line 10
[DEBUG] 2026-08-18T13:48:56:     constant[1] = "Hello"
[DEBUG] 2026-08-18T13:48:56:   8  opConstant  line 10
[DEBUG] 2026-08-18T13:48:56:     constant[2] = 10.0
[DEBUG] 2026-08-18T13:48:56:   10  opConstant  line 10
[DEBUG] 2026-08-18T13:48:56:     constant[3] = 20.0
[DEBUG] 2026-08-18T13:48:56:   12  opConstant  line 10
[DEBUG] 2026-08-18T13:48:56:     constant[4] = 30.0
[DEBUG] 2026-08-18T13:48:56:   14  opCall  line 10
[DEBUG] 2026-08-18T13:48:56:     args: 4
[DEBUG] 2026-08-18T13:48:56:   16  opPop  line 10
[DEBUG] 2026-08-18T13:48:56:   17  opReturn  line 1
[DEBUG] 2026-08-18T13:48:56: === END ===
[DEBUG] 2026-08-18T13:48:56: Kind: ltClosure
[DEBUG] 2026-08-18T13:48:56: IP:    1 | OP:    opClosure | Stack: [function: <main>]
[DEBUG] 2026-08-18T13:48:56: Kind: ltClosure
[DEBUG] 2026-08-18T13:48:56: Kind: ltClosure
[DEBUG] 2026-08-18T13:48:56: IP:    3 | OP:   opSetLocal | Stack: [function: <main>, function: Test]
[DEBUG] 2026-08-18T13:48:56: Kind: ltClosure
[DEBUG] 2026-08-18T13:48:56: Kind: ltClosure
[DEBUG] 2026-08-18T13:48:56: IP:    5 | OP:   opGetLocal | Stack: [function: <main>, function: Test]
[DEBUG] 2026-08-18T13:48:56: Kind: ltClosure
[DEBUG] 2026-08-18T13:48:56: Kind: ltClosure
[DEBUG] 2026-08-18T13:48:56: Kind: ltClosure
[DEBUG] 2026-08-18T13:48:56: IP:    7 | OP:   opConstant | Stack: [function: <main>, function: Test, function: Test]
[DEBUG] 2026-08-18T13:48:56: Kind: ltClosure
[DEBUG] 2026-08-18T13:48:56: Kind: ltClosure
[DEBUG] 2026-08-18T13:48:56: Kind: ltClosure
[DEBUG] 2026-08-18T13:48:56: Kind: ltString
[DEBUG] 2026-08-18T13:48:56: IP:    9 | OP:   opConstant | Stack: [function: <main>, function: Test, function: Test, "Hello"]
[DEBUG] 2026-08-18T13:48:56: Kind: ltClosure
[DEBUG] 2026-08-18T13:48:56: Kind: ltClosure
[DEBUG] 2026-08-18T13:48:56: Kind: ltClosure
[DEBUG] 2026-08-18T13:48:56: Kind: ltString
[DEBUG] 2026-08-18T13:48:56: Kind: ltNumber
[DEBUG] 2026-08-18T13:48:56: IP:   11 | OP:   opConstant | Stack: [function: <main>, function: Test, function: Test, "Hello", 10.0]
[DEBUG] 2026-08-18T13:48:56: Kind: ltClosure
[DEBUG] 2026-08-18T13:48:56: Kind: ltClosure
[DEBUG] 2026-08-18T13:48:56: Kind: ltClosure
[DEBUG] 2026-08-18T13:48:56: Kind: ltString
[DEBUG] 2026-08-18T13:48:56: Kind: ltNumber
[DEBUG] 2026-08-18T13:48:56: Kind: ltNumber
[DEBUG] 2026-08-18T13:48:56: IP:   13 | OP:   opConstant | Stack: [function: <main>, function: Test, function: Test, "Hello", 10.0, 20.0]
[DEBUG] 2026-08-18T13:48:56: Kind: ltClosure
[DEBUG] 2026-08-18T13:48:56: Kind: ltClosure
[DEBUG] 2026-08-18T13:48:56: Kind: ltClosure
[DEBUG] 2026-08-18T13:48:56: Kind: ltString
[DEBUG] 2026-08-18T13:48:56: Kind: ltNumber
[DEBUG] 2026-08-18T13:48:56: Kind: ltNumber
[DEBUG] 2026-08-18T13:48:56: Kind: ltNumber
[DEBUG] 2026-08-18T13:48:56: IP:   15 | OP:       opCall | Stack: [function: <main>, function: Test, function: Test, "Hello", 10.0, 20.0, 30.0]
[DEBUG] 2026-08-18T13:48:56: Test
[DEBUG] 2026-08-18T13:48:56: Not vararg: false
[FATAL] 2026-08-18T13:48:56: Runtime Error: Expected 0 args but got 4
[DEBUG] 2026-08-18T13:49:39: Tkdots? tkDots
[DEBUG] 2026-08-18T13:49:39: Isvararg: true
[DEBUG] 2026-08-18T13:49:39: Tkdots? tkDots
[DEBUG] 2026-08-18T13:49:39: Isvararg: true
[INFO] 2026-08-18T13:49:39: Node name: Test
[INFO] 2026-08-18T13:49:39: Node vararg: false
[DEBUG] 2026-08-18T13:49:39: === <main> ===
[DEBUG] 2026-08-18T13:49:39:   0  opClosure  line 1
[DEBUG] 2026-08-18T13:49:39:     constant[0] = function: Test
[DEBUG] 2026-08-18T13:49:39:   2  opSetLocal  line 1
[DEBUG] 2026-08-18T13:49:39:     slot: 1
[DEBUG] 2026-08-18T13:49:39:   4  opGetLocal  line 10
[DEBUG] 2026-08-18T13:49:39:     slot: 1
[DEBUG] 2026-08-18T13:49:39:   6  opConstant  line 10
[DEBUG] 2026-08-18T13:49:39:     constant[1] = "Hello"
[DEBUG] 2026-08-18T13:49:39:   8  opConstant  line 10
[DEBUG] 2026-08-18T13:49:39:     constant[2] = 10.0
[DEBUG] 2026-08-18T13:49:39:   10  opConstant  line 10
[DEBUG] 2026-08-18T13:49:39:     constant[3] = 20.0
[DEBUG] 2026-08-18T13:49:39:   12  opConstant  line 10
[DEBUG] 2026-08-18T13:49:39:     constant[4] = 30.0
[DEBUG] 2026-08-18T13:49:39:   14  opCall  line 10
[DEBUG] 2026-08-18T13:49:39:     args: 4
[DEBUG] 2026-08-18T13:49:39:   16  opPop  line 10
[DEBUG] 2026-08-18T13:49:39:   17  opReturn  line 1
[DEBUG] 2026-08-18T13:49:39: === END ===
[DEBUG] 2026-08-18T13:49:39: Kind: ltClosure
[DEBUG] 2026-08-18T13:49:39: IP:    1 | OP:    opClosure | Stack: [function: <main>]
[DEBUG] 2026-08-18T13:49:39: Kind: ltClosure
[DEBUG] 2026-08-18T13:49:39: Kind: ltClosure
[DEBUG] 2026-08-18T13:49:39: IP:    3 | OP:   opSetLocal | Stack: [function: <main>, function: Test]
[DEBUG] 2026-08-18T13:49:39: Kind: ltClosure
[DEBUG] 2026-08-18T13:49:39: Kind: ltClosure
[DEBUG] 2026-08-18T13:49:39: IP:    5 | OP:   opGetLocal | Stack: [function: <main>, function: Test]
[DEBUG] 2026-08-18T13:49:39: Kind: ltClosure
[DEBUG] 2026-08-18T13:49:39: Kind: ltClosure
[DEBUG] 2026-08-18T13:49:39: Kind: ltClosure
[DEBUG] 2026-08-18T13:49:39: IP:    7 | OP:   opConstant | Stack: [function: <main>, function: Test, function: Test]
[DEBUG] 2026-08-18T13:49:39: Kind: ltClosure
[DEBUG] 2026-08-18T13:49:39: Kind: ltClosure
[DEBUG] 2026-08-18T13:49:39: Kind: ltClosure
[DEBUG] 2026-08-18T13:49:39: Kind: ltString
[DEBUG] 2026-08-18T13:49:39: IP:    9 | OP:   opConstant | Stack: [function: <main>, function: Test, function: Test, "Hello"]
[DEBUG] 2026-08-18T13:49:39: Kind: ltClosure
[DEBUG] 2026-08-18T13:49:39: Kind: ltClosure
[DEBUG] 2026-08-18T13:49:39: Kind: ltClosure
[DEBUG] 2026-08-18T13:49:39: Kind: ltString
[DEBUG] 2026-08-18T13:49:39: Kind: ltNumber
[DEBUG] 2026-08-18T13:49:39: IP:   11 | OP:   opConstant | Stack: [function: <main>, function: Test, function: Test, "Hello", 10.0]
[DEBUG] 2026-08-18T13:49:39: Kind: ltClosure
[DEBUG] 2026-08-18T13:49:39: Kind: ltClosure
[DEBUG] 2026-08-18T13:49:39: Kind: ltClosure
[DEBUG] 2026-08-18T13:49:39: Kind: ltString
[DEBUG] 2026-08-18T13:49:39: Kind: ltNumber
[DEBUG] 2026-08-18T13:49:39: Kind: ltNumber
[DEBUG] 2026-08-18T13:49:39: IP:   13 | OP:   opConstant | Stack: [function: <main>, function: Test, function: Test, "Hello", 10.0, 20.0]
[DEBUG] 2026-08-18T13:49:39: Kind: ltClosure
[DEBUG] 2026-08-18T13:49:39: Kind: ltClosure
[DEBUG] 2026-08-18T13:49:39: Kind: ltClosure
[DEBUG] 2026-08-18T13:49:39: Kind: ltString
[DEBUG] 2026-08-18T13:49:39: Kind: ltNumber
[DEBUG] 2026-08-18T13:49:39: Kind: ltNumber
[DEBUG] 2026-08-18T13:49:39: Kind: ltNumber
[DEBUG] 2026-08-18T13:49:39: IP:   15 | OP:       opCall | Stack: [function: <main>, function: Test, function: Test, "Hello", 10.0, 20.0, 30.0]
[DEBUG] 2026-08-18T13:49:39: Test
[DEBUG] 2026-08-18T13:49:39: Not vararg: false
[FATAL] 2026-08-18T13:49:39: Runtime Error: Expected 0 args but got 4
[DEBUG] 2026-08-18T13:50:22: Tkdots? tkDots
[DEBUG] 2026-08-18T13:50:22: Isvararg: true
[DEBUG] 2026-08-18T13:50:22: Isvararg before fn def: true
[DEBUG] 2026-08-18T13:50:22: Tkdots? tkDots
[DEBUG] 2026-08-18T13:50:22: Isvararg: true
[DEBUG] 2026-08-18T13:50:22: Isvararg before fn def: true
[INFO] 2026-08-18T13:50:22: Node name: Test
[INFO] 2026-08-18T13:50:22: Node vararg: false
[DEBUG] 2026-08-18T13:50:22: Kind: ltClosure
[DEBUG] 2026-08-18T13:50:22: IP:    1 | OP:    opClosure | Stack: [function: <main>]
[DEBUG] 2026-08-18T13:50:22: Kind: ltClosure
[DEBUG] 2026-08-18T13:50:22: Kind: ltClosure
[DEBUG] 2026-08-18T13:50:22: IP:    3 | OP:   opSetLocal | Stack: [function: <main>, function: Test]
[DEBUG] 2026-08-18T13:50:22: Kind: ltClosure
[DEBUG] 2026-08-18T13:50:22: Kind: ltClosure
[DEBUG] 2026-08-18T13:50:22: IP:    5 | OP:   opGetLocal | Stack: [function: <main>, function: Test]
[DEBUG] 2026-08-18T13:50:22: Kind: ltClosure
[DEBUG] 2026-08-18T13:50:22: Kind: ltClosure
[DEBUG] 2026-08-18T13:50:22: Kind: ltClosure
[DEBUG] 2026-08-18T13:50:22: IP:    7 | OP:   opConstant | Stack: [function: <main>, function: Test, function: Test]
[DEBUG] 2026-08-18T13:50:22: Kind: ltClosure
[DEBUG] 2026-08-18T13:50:22: Kind: ltClosure
[DEBUG] 2026-08-18T13:50:22: Kind: ltClosure
[DEBUG] 2026-08-18T13:50:22: Kind: ltString
[DEBUG] 2026-08-18T13:50:22: IP:    9 | OP:   opConstant | Stack: [function: <main>, function: Test, function: Test, "Hello"]
[DEBUG] 2026-08-18T13:50:22: Kind: ltClosure
[DEBUG] 2026-08-18T13:50:22: Kind: ltClosure
[DEBUG] 2026-08-18T13:50:22: Kind: ltClosure
[DEBUG] 2026-08-18T13:50:22: Kind: ltString
[DEBUG] 2026-08-18T13:50:22: Kind: ltNumber
[DEBUG] 2026-08-18T13:50:22: IP:   11 | OP:   opConstant | Stack: [function: <main>, function: Test, function: Test, "Hello", 10.0]
[DEBUG] 2026-08-18T13:50:22: Kind: ltClosure
[DEBUG] 2026-08-18T13:50:22: Kind: ltClosure
[DEBUG] 2026-08-18T13:50:22: Kind: ltClosure
[DEBUG] 2026-08-18T13:50:22: Kind: ltString
[DEBUG] 2026-08-18T13:50:22: Kind: ltNumber
[DEBUG] 2026-08-18T13:50:22: Kind: ltNumber
[DEBUG] 2026-08-18T13:50:22: IP:   13 | OP:   opConstant | Stack: [function: <main>, function: Test, function: Test, "Hello", 10.0, 20.0]
[DEBUG] 2026-08-18T13:50:22: Kind: ltClosure
[DEBUG] 2026-08-18T13:50:22: Kind: ltClosure
[DEBUG] 2026-08-18T13:50:22: Kind: ltClosure
[DEBUG] 2026-08-18T13:50:22: Kind: ltString
[DEBUG] 2026-08-18T13:50:22: Kind: ltNumber
[DEBUG] 2026-08-18T13:50:22: Kind: ltNumber
[DEBUG] 2026-08-18T13:50:22: Kind: ltNumber
[DEBUG] 2026-08-18T13:50:22: IP:   15 | OP:       opCall | Stack: [function: <main>, function: Test, function: Test, "Hello", 10.0, 20.0, 30.0]
[DEBUG] 2026-08-18T13:50:22: Test
[DEBUG] 2026-08-18T13:50:22: Not vararg: false
[FATAL] 2026-08-18T13:50:22: Runtime Error: Expected 0 args but got 4
[DEBUG] 2026-08-18T13:50:32: Tkdots? tkDots
[DEBUG] 2026-08-18T13:50:32: Isvararg: true
[DEBUG] 2026-08-18T13:50:32: Isvararg before fn def: true
[INFO] 2026-08-18T13:50:32: Node name: Test
[INFO] 2026-08-18T13:50:32: Node vararg: false
[DEBUG] 2026-08-18T13:50:32: Kind: ltClosure
[DEBUG] 2026-08-18T13:50:32: IP:    1 | OP:    opClosure | Stack: [function: <main>]
[DEBUG] 2026-08-18T13:50:32: Kind: ltClosure
[DEBUG] 2026-08-18T13:50:32: Kind: ltClosure
[DEBUG] 2026-08-18T13:50:32: IP:    3 | OP:   opSetLocal | Stack: [function: <main>, function: Test]
[DEBUG] 2026-08-18T13:50:32: Kind: ltClosure
[DEBUG] 2026-08-18T13:50:32: Kind: ltClosure
[DEBUG] 2026-08-18T13:50:32: IP:    5 | OP:   opGetLocal | Stack: [function: <main>, function: Test]
[DEBUG] 2026-08-18T13:50:32: Kind: ltClosure
[DEBUG] 2026-08-18T13:50:32: Kind: ltClosure
[DEBUG] 2026-08-18T13:50:32: Kind: ltClosure
[DEBUG] 2026-08-18T13:50:32: IP:    7 | OP:   opConstant | Stack: [function: <main>, function: Test, function: Test]
[DEBUG] 2026-08-18T13:50:32: Kind: ltClosure
[DEBUG] 2026-08-18T13:50:32: Kind: ltClosure
[DEBUG] 2026-08-18T13:50:32: Kind: ltClosure
[DEBUG] 2026-08-18T13:50:32: Kind: ltString
[DEBUG] 2026-08-18T13:50:32: IP:    9 | OP:   opConstant | Stack: [function: <main>, function: Test, function: Test, "Hello"]
[DEBUG] 2026-08-18T13:50:32: Kind: ltClosure
[DEBUG] 2026-08-18T13:50:32: Kind: ltClosure
[DEBUG] 2026-08-18T13:50:32: Kind: ltClosure
[DEBUG] 2026-08-18T13:50:32: Kind: ltString
[DEBUG] 2026-08-18T13:50:32: Kind: ltNumber
[DEBUG] 2026-08-18T13:50:32: IP:   11 | OP:   opConstant | Stack: [function: <main>, function: Test, function: Test, "Hello", 10.0]
[DEBUG] 2026-08-18T13:50:32: Kind: ltClosure
[DEBUG] 2026-08-18T13:50:32: Kind: ltClosure
[DEBUG] 2026-08-18T13:50:32: Kind: ltClosure
[DEBUG] 2026-08-18T13:50:32: Kind: ltString
[DEBUG] 2026-08-18T13:50:32: Kind: ltNumber
[DEBUG] 2026-08-18T13:50:32: Kind: ltNumber
[DEBUG] 2026-08-18T13:50:32: IP:   13 | OP:   opConstant | Stack: [function: <main>, function: Test, function: Test, "Hello", 10.0, 20.0]
[DEBUG] 2026-08-18T13:50:32: Kind: ltClosure
[DEBUG] 2026-08-18T13:50:32: Kind: ltClosure
[DEBUG] 2026-08-18T13:50:32: Kind: ltClosure
[DEBUG] 2026-08-18T13:50:32: Kind: ltString
[DEBUG] 2026-08-18T13:50:32: Kind: ltNumber
[DEBUG] 2026-08-18T13:50:32: Kind: ltNumber
[DEBUG] 2026-08-18T13:50:32: Kind: ltNumber
[DEBUG] 2026-08-18T13:50:32: IP:   15 | OP:       opCall | Stack: [function: <main>, function: Test, function: Test, "Hello", 10.0, 20.0, 30.0]
[DEBUG] 2026-08-18T13:50:32: Test
[DEBUG] 2026-08-18T13:50:32: Not vararg: false
[FATAL] 2026-08-18T13:50:32: Runtime Error: Expected 0 args but got 4
[DEBUG] 2026-08-18T13:53:11: Tkdots? tkDots
[DEBUG] 2026-08-18T13:53:11: Isvararg: true
[DEBUG] 2026-08-18T13:53:11: Isvararg before fn def: true
[INFO] 2026-08-18T13:53:11: Node name: Test
[INFO] 2026-08-18T13:53:11: Node vararg: true
[DEBUG] 2026-08-18T13:53:11: Kind: ltClosure
[DEBUG] 2026-08-18T13:53:11: IP:    1 | OP:    opClosure | Stack: [function: <main>]
[DEBUG] 2026-08-18T13:53:11: Kind: ltClosure
[DEBUG] 2026-08-18T13:53:11: Kind: ltClosure
[DEBUG] 2026-08-18T13:53:11: IP:    3 | OP:  opSetGlobal | Stack: [function: <main>, function: Test]
[DEBUG] 2026-08-18T13:53:11: Kind: ltClosure
[DEBUG] 2026-08-18T13:53:11: IP:    5 | OP:  opGetGlobal | Stack: [function: <main>]
[DEBUG] 2026-08-18T13:53:11: Kind: ltClosure
[DEBUG] 2026-08-18T13:53:11: Kind: ltClosure
[DEBUG] 2026-08-18T13:53:11: IP:    7 | OP:   opConstant | Stack: [function: <main>, function: Test]
[DEBUG] 2026-08-18T13:53:11: Kind: ltClosure
[DEBUG] 2026-08-18T13:53:11: Kind: ltClosure
[DEBUG] 2026-08-18T13:53:11: Kind: ltString
[DEBUG] 2026-08-18T13:53:11: IP:    9 | OP:   opConstant | Stack: [function: <main>, function: Test, "Hello"]
[DEBUG] 2026-08-18T13:53:11: Kind: ltClosure
[DEBUG] 2026-08-18T13:53:11: Kind: ltClosure
[DEBUG] 2026-08-18T13:53:11: Kind: ltString
[DEBUG] 2026-08-18T13:53:11: Kind: ltNumber
[DEBUG] 2026-08-18T13:53:11: IP:   11 | OP:   opConstant | Stack: [function: <main>, function: Test, "Hello", 10.0]
[DEBUG] 2026-08-18T13:53:11: Kind: ltClosure
[DEBUG] 2026-08-18T13:53:11: Kind: ltClosure
[DEBUG] 2026-08-18T13:53:11: Kind: ltString
[DEBUG] 2026-08-18T13:53:11: Kind: ltNumber
[DEBUG] 2026-08-18T13:53:11: Kind: ltNumber
[DEBUG] 2026-08-18T13:53:11: IP:   13 | OP:   opConstant | Stack: [function: <main>, function: Test, "Hello", 10.0, 20.0]
[DEBUG] 2026-08-18T13:53:11: Kind: ltClosure
[DEBUG] 2026-08-18T13:53:11: Kind: ltClosure
[DEBUG] 2026-08-18T13:53:11: Kind: ltString
[DEBUG] 2026-08-18T13:53:11: Kind: ltNumber
[DEBUG] 2026-08-18T13:53:11: Kind: ltNumber
[DEBUG] 2026-08-18T13:53:11: Kind: ltNumber
[DEBUG] 2026-08-18T13:53:11: IP:   15 | OP:       opCall | Stack: [function: <main>, function: Test, "Hello", 10.0, 20.0, 30.0]
[DEBUG] 2026-08-18T13:53:11: Kind: ltClosure
[DEBUG] 2026-08-18T13:53:11: Kind: ltClosure
[DEBUG] 2026-08-18T13:53:11: Kind: ltString
[DEBUG] 2026-08-18T13:53:11: Kind: ltNumber
[DEBUG] 2026-08-18T13:53:11: Kind: ltNumber
[DEBUG] 2026-08-18T13:53:11: Kind: ltNumber
[DEBUG] 2026-08-18T13:53:11: IP:    1 | OP:  opGetGlobal | Stack: [function: <main>, function: Test, "Hello", 10.0, 20.0, 30.0]
[DEBUG] 2026-08-18T13:53:11: Kind: ltClosure
[DEBUG] 2026-08-18T13:53:11: Kind: ltClosure
[DEBUG] 2026-08-18T13:53:11: Kind: ltString
[DEBUG] 2026-08-18T13:53:11: Kind: ltNumber
[DEBUG] 2026-08-18T13:53:11: Kind: ltNumber
[DEBUG] 2026-08-18T13:53:11: Kind: ltNumber
[DEBUG] 2026-08-18T13:53:11: Kind: ltNativeFn
[DEBUG] 2026-08-18T13:53:11: IP:    3 | OP:   opConstant | Stack: [function: <main>, function: Test, "Hello", 10.0, 20.0, 30.0, function: 0x4335550592]
[DEBUG] 2026-08-18T13:53:11: Kind: ltClosure
[DEBUG] 2026-08-18T13:53:11: Kind: ltClosure
[DEBUG] 2026-08-18T13:53:11: Kind: ltString
[DEBUG] 2026-08-18T13:53:11: Kind: ltNumber
[DEBUG] 2026-08-18T13:53:11: Kind: ltNumber
[DEBUG] 2026-08-18T13:53:11: Kind: ltNumber
[DEBUG] 2026-08-18T13:53:11: Kind: ltNativeFn
[DEBUG] 2026-08-18T13:53:11: Kind: ltString
[DEBUG] 2026-08-18T13:53:11: IP:    5 | OP:     opVararg | Stack: [function: <main>, function: Test, "Hello", 10.0, 20.0, 30.0, function: 0x4335550592, "Total extra args:"]
[DEBUG] 2026-08-18T13:53:11: Kind: ltClosure
[DEBUG] 2026-08-18T13:53:11: Kind: ltClosure
[DEBUG] 2026-08-18T13:53:11: Kind: ltString
[DEBUG] 2026-08-18T13:53:11: Kind: ltNumber
[DEBUG] 2026-08-18T13:53:11: Kind: ltNumber
[DEBUG] 2026-08-18T13:53:11: Kind: ltNumber
[DEBUG] 2026-08-18T13:53:11: Kind: ltNativeFn
[DEBUG] 2026-08-18T13:53:11: Kind: ltString
[DEBUG] 2026-08-18T13:53:11: Kind: ltTable
[DEBUG] 2026-08-18T13:53:11: IP:    6 | OP:        opLen | Stack: [function: <main>, function: Test, "Hello", 10.0, 20.0, 30.0, function: 0x4335550592, "Total extra args:", table: 0x4335551888]
[DEBUG] 2026-08-18T13:53:11: Kind: ltClosure
[DEBUG] 2026-08-18T13:53:11: Kind: ltClosure
[DEBUG] 2026-08-18T13:53:11: Kind: ltString
[DEBUG] 2026-08-18T13:53:11: Kind: ltNumber
[DEBUG] 2026-08-18T13:53:11: Kind: ltNumber
[DEBUG] 2026-08-18T13:53:11: Kind: ltNumber
[DEBUG] 2026-08-18T13:53:11: Kind: ltNativeFn
[DEBUG] 2026-08-18T13:53:11: Kind: ltString
[DEBUG] 2026-08-18T13:53:11: Kind: ltNumber
[DEBUG] 2026-08-18T13:53:11: IP:    7 | OP:       opCall | Stack: [function: <main>, function: Test, "Hello", 10.0, 20.0, 30.0, function: 0x4335550592, "Total extra args:", 4.0]
[DEBUG] 2026-08-18T13:53:11: Kind: ltClosure
[DEBUG] 2026-08-18T13:53:11: Kind: ltClosure
[DEBUG] 2026-08-18T13:53:11: Kind: ltString
[DEBUG] 2026-08-18T13:53:11: Kind: ltNumber
[DEBUG] 2026-08-18T13:53:11: Kind: ltNumber
[DEBUG] 2026-08-18T13:53:11: Kind: ltNil
[DEBUG] 2026-08-18T13:53:11: IP:    9 | OP:        opPop | Stack: [function: <main>, function: Test, "Hello", 10.0, 20.0, nil]
[DEBUG] 2026-08-18T13:53:11: Kind: ltClosure
[DEBUG] 2026-08-18T13:53:11: Kind: ltClosure
[DEBUG] 2026-08-18T13:53:11: Kind: ltString
[DEBUG] 2026-08-18T13:53:11: Kind: ltNumber
[DEBUG] 2026-08-18T13:53:11: Kind: ltNumber
[DEBUG] 2026-08-18T13:53:11: IP:   10 | OP:  opGetGlobal | Stack: [function: <main>, function: Test, "Hello", 10.0, 20.0]
[DEBUG] 2026-08-18T13:53:11: Kind: ltClosure
[DEBUG] 2026-08-18T13:53:11: Kind: ltClosure
[DEBUG] 2026-08-18T13:53:11: Kind: ltString
[DEBUG] 2026-08-18T13:53:11: Kind: ltNumber
[DEBUG] 2026-08-18T13:53:11: Kind: ltNumber
[DEBUG] 2026-08-18T13:53:11: Kind: ltNil
[DEBUG] 2026-08-18T13:53:11: IP:   12 | OP:        opPop | Stack: [function: <main>, function: Test, "Hello", 10.0, 20.0, nil]
[DEBUG] 2026-08-18T13:53:11: Kind: ltClosure
[DEBUG] 2026-08-18T13:53:11: Kind: ltClosure
[DEBUG] 2026-08-18T13:53:11: Kind: ltString
[DEBUG] 2026-08-18T13:53:11: Kind: ltNumber
[DEBUG] 2026-08-18T13:53:11: Kind: ltNumber
[DEBUG] 2026-08-18T13:53:11: IP:   13 | OP:  opGetGlobal | Stack: [function: <main>, function: Test, "Hello", 10.0, 20.0]
[DEBUG] 2026-08-18T13:53:11: Kind: ltClosure
[DEBUG] 2026-08-18T13:53:11: Kind: ltClosure
[DEBUG] 2026-08-18T13:53:11: Kind: ltString
[DEBUG] 2026-08-18T13:53:11: Kind: ltNumber
[DEBUG] 2026-08-18T13:53:11: Kind: ltNumber
[DEBUG] 2026-08-18T13:53:11: Kind: ltNil
[DEBUG] 2026-08-18T13:53:11: IP:   15 | OP:        opPop | Stack: [function: <main>, function: Test, "Hello", 10.0, 20.0, nil]
[DEBUG] 2026-08-18T13:53:11: Kind: ltClosure
[DEBUG] 2026-08-18T13:53:11: Kind: ltClosure
[DEBUG] 2026-08-18T13:53:11: Kind: ltString
[DEBUG] 2026-08-18T13:53:11: Kind: ltNumber
[DEBUG] 2026-08-18T13:53:11: Kind: ltNumber
[DEBUG] 2026-08-18T13:53:11: IP:   16 | OP:  opGetGlobal | Stack: [function: <main>, function: Test, "Hello", 10.0, 20.0]
[DEBUG] 2026-08-18T13:53:11: Kind: ltClosure
[DEBUG] 2026-08-18T13:53:11: Kind: ltClosure
[DEBUG] 2026-08-18T13:53:11: Kind: ltString
[DEBUG] 2026-08-18T13:53:11: Kind: ltNumber
[DEBUG] 2026-08-18T13:53:11: Kind: ltNumber
[DEBUG] 2026-08-18T13:53:11: Kind: ltNil
[DEBUG] 2026-08-18T13:53:11: IP:   18 | OP:        opPop | Stack: [function: <main>, function: Test, "Hello", 10.0, 20.0, nil]
[DEBUG] 2026-08-18T13:53:11: Kind: ltClosure
[DEBUG] 2026-08-18T13:53:11: Kind: ltClosure
[DEBUG] 2026-08-18T13:53:11: Kind: ltString
[DEBUG] 2026-08-18T13:53:11: Kind: ltNumber
[DEBUG] 2026-08-18T13:53:11: Kind: ltNumber
[DEBUG] 2026-08-18T13:53:11: IP:   19 | OP:  opGetGlobal | Stack: [function: <main>, function: Test, "Hello", 10.0, 20.0]
[DEBUG] 2026-08-18T13:53:11: Kind: ltClosure
[DEBUG] 2026-08-18T13:53:11: Kind: ltClosure
[DEBUG] 2026-08-18T13:53:11: Kind: ltString
[DEBUG] 2026-08-18T13:53:11: Kind: ltNumber
[DEBUG] 2026-08-18T13:53:11: Kind: ltNumber
[DEBUG] 2026-08-18T13:53:11: Kind: ltNativeFn
[DEBUG] 2026-08-18T13:53:11: IP:   21 | OP:   opConstant | Stack: [function: <main>, function: Test, "Hello", 10.0, 20.0, function: 0x4335550592]
[DEBUG] 2026-08-18T13:53:11: Kind: ltClosure
[DEBUG] 2026-08-18T13:53:11: Kind: ltClosure
[DEBUG] 2026-08-18T13:53:11: Kind: ltString
[DEBUG] 2026-08-18T13:53:11: Kind: ltNumber
[DEBUG] 2026-08-18T13:53:11: Kind: ltNumber
[DEBUG] 2026-08-18T13:53:11: Kind: ltNativeFn
[DEBUG] 2026-08-18T13:53:11: Kind: ltString
[DEBUG] 2026-08-18T13:53:11: IP:   23 | OP:     opVararg | Stack: [function: <main>, function: Test, "Hello", 10.0, 20.0, function: 0x4335550592, "Second extra arg:"]
[DEBUG] 2026-08-18T13:53:11: Kind: ltClosure
[DEBUG] 2026-08-18T13:53:11: Kind: ltClosure
[DEBUG] 2026-08-18T13:53:11: Kind: ltString
[DEBUG] 2026-08-18T13:53:11: Kind: ltNumber
[DEBUG] 2026-08-18T13:53:11: Kind: ltNumber
[DEBUG] 2026-08-18T13:53:11: Kind: ltNativeFn
[DEBUG] 2026-08-18T13:53:11: Kind: ltString
[DEBUG] 2026-08-18T13:53:11: Kind: ltTable
[DEBUG] 2026-08-18T13:53:11: IP:   24 | OP:   opConstant | Stack: [function: <main>, function: Test, "Hello", 10.0, 20.0, function: 0x4335550592, "Second extra arg:", table: 0x4335551888]
[DEBUG] 2026-08-18T13:53:11: Kind: ltClosure
[DEBUG] 2026-08-18T13:53:11: Kind: ltClosure
[DEBUG] 2026-08-18T13:53:11: Kind: ltString
[DEBUG] 2026-08-18T13:53:11: Kind: ltNumber
[DEBUG] 2026-08-18T13:53:11: Kind: ltNumber
[DEBUG] 2026-08-18T13:53:11: Kind: ltNativeFn
[DEBUG] 2026-08-18T13:53:11: Kind: ltString
[DEBUG] 2026-08-18T13:53:11: Kind: ltTable
[DEBUG] 2026-08-18T13:53:11: Kind: ltNumber
[DEBUG] 2026-08-18T13:53:11: IP:   26 | OP:   opGetTable | Stack: [function: <main>, function: Test, "Hello", 10.0, 20.0, function: 0x4335550592, "Second extra arg:", table: 0x4335551888, 2.0]
[DEBUG] 2026-08-18T13:53:11: Kind: ltClosure
[DEBUG] 2026-08-18T13:53:11: Kind: ltClosure
[DEBUG] 2026-08-18T13:53:11: Kind: ltString
[DEBUG] 2026-08-18T13:53:11: Kind: ltNumber
[DEBUG] 2026-08-18T13:53:11: Kind: ltNumber
[DEBUG] 2026-08-18T13:53:11: Kind: ltNativeFn
[DEBUG] 2026-08-18T13:53:11: Kind: ltString
[DEBUG] 2026-08-18T13:53:11: Kind: ltNumber
[DEBUG] 2026-08-18T13:53:11: IP:   27 | OP:       opCall | Stack: [function: <main>, function: Test, "Hello", 10.0, 20.0, function: 0x4335550592, "Second extra arg:", 10.0]
[DEBUG] 2026-08-18T13:53:11: Kind: ltClosure
[DEBUG] 2026-08-18T13:53:11: Kind: ltClosure
[DEBUG] 2026-08-18T13:53:11: Kind: ltString
[DEBUG] 2026-08-18T13:53:11: Kind: ltNumber
[DEBUG] 2026-08-18T13:53:11: Kind: ltNil
[DEBUG] 2026-08-18T13:53:11: IP:   29 | OP:        opPop | Stack: [function: <main>, function: Test, "Hello", 10.0, nil]
[DEBUG] 2026-08-18T13:53:11: Kind: ltClosure
[DEBUG] 2026-08-18T13:53:11: Kind: ltClosure
[DEBUG] 2026-08-18T13:53:11: Kind: ltString
[DEBUG] 2026-08-18T13:53:11: Kind: ltNumber
[DEBUG] 2026-08-18T13:53:11: IP:   30 | OP:   opConstant | Stack: [function: <main>, function: Test, "Hello", 10.0]
[DEBUG] 2026-08-18T13:53:11: Kind: ltClosure
[DEBUG] 2026-08-18T13:53:11: Kind: ltClosure
[DEBUG] 2026-08-18T13:53:11: Kind: ltString
[DEBUG] 2026-08-18T13:53:11: Kind: ltNumber
[DEBUG] 2026-08-18T13:53:11: Kind: ltNil
[DEBUG] 2026-08-18T13:53:11: IP:   32 | OP:     opReturn | Stack: [function: <main>, function: Test, "Hello", 10.0, nil]
[DEBUG] 2026-08-18T13:53:11: Kind: ltClosure
[DEBUG] 2026-08-18T13:53:11: Kind: ltNil
[DEBUG] 2026-08-18T13:53:11: IP:   17 | OP:        opPop | Stack: [function: <main>, nil]
[DEBUG] 2026-08-18T13:53:11: Kind: ltClosure
[DEBUG] 2026-08-18T13:53:11: IP:   18 | OP:     opReturn | Stack: [function: <main>]
[DEBUG] 2026-08-18T14:11:44: Tkdots? tkDots
[DEBUG] 2026-08-18T14:11:44: Isvararg: true
[DEBUG] 2026-08-18T14:11:44: Isvararg before fn def: true
[INFO] 2026-08-18T14:11:44: Node name: Test
[INFO] 2026-08-18T14:11:44: Node vararg: true
[DEBUG] 2026-08-18T14:11:44: Kind: ltClosure
[DEBUG] 2026-08-18T14:11:44: IP:    1 | OP:    opClosure | Stack: [function: <main>]
[DEBUG] 2026-08-18T14:11:44: Kind: ltClosure
[DEBUG] 2026-08-18T14:11:44: Kind: ltClosure
[DEBUG] 2026-08-18T14:11:44: IP:    3 | OP:  opSetGlobal | Stack: [function: <main>, function: Test]
[DEBUG] 2026-08-18T14:11:44: Kind: ltClosure
[DEBUG] 2026-08-18T14:11:44: IP:    5 | OP:  opGetGlobal | Stack: [function: <main>]
[DEBUG] 2026-08-18T14:11:44: Kind: ltClosure
[DEBUG] 2026-08-18T14:11:44: Kind: ltClosure
[DEBUG] 2026-08-18T14:11:44: IP:    7 | OP:   opConstant | Stack: [function: <main>, function: Test]
[DEBUG] 2026-08-18T14:11:44: Kind: ltClosure
[DEBUG] 2026-08-18T14:11:44: Kind: ltClosure
[DEBUG] 2026-08-18T14:11:44: Kind: ltString
[DEBUG] 2026-08-18T14:11:44: IP:    9 | OP:   opConstant | Stack: [function: <main>, function: Test, "Hello"]
[DEBUG] 2026-08-18T14:11:44: Kind: ltClosure
[DEBUG] 2026-08-18T14:11:44: Kind: ltClosure
[DEBUG] 2026-08-18T14:11:44: Kind: ltString
[DEBUG] 2026-08-18T14:11:44: Kind: ltNumber
[DEBUG] 2026-08-18T14:11:44: IP:   11 | OP:   opConstant | Stack: [function: <main>, function: Test, "Hello", 10.0]
[DEBUG] 2026-08-18T14:11:44: Kind: ltClosure
[DEBUG] 2026-08-18T14:11:44: Kind: ltClosure
[DEBUG] 2026-08-18T14:11:44: Kind: ltString
[DEBUG] 2026-08-18T14:11:44: Kind: ltNumber
[DEBUG] 2026-08-18T14:11:44: Kind: ltNumber
[DEBUG] 2026-08-18T14:11:44: IP:   13 | OP:   opConstant | Stack: [function: <main>, function: Test, "Hello", 10.0, 20.0]
[DEBUG] 2026-08-18T14:11:44: Kind: ltClosure
[DEBUG] 2026-08-18T14:11:44: Kind: ltClosure
[DEBUG] 2026-08-18T14:11:44: Kind: ltString
[DEBUG] 2026-08-18T14:11:44: Kind: ltNumber
[DEBUG] 2026-08-18T14:11:44: Kind: ltNumber
[DEBUG] 2026-08-18T14:11:44: Kind: ltNumber
[DEBUG] 2026-08-18T14:11:44: IP:   15 | OP:       opCall | Stack: [function: <main>, function: Test, "Hello", 10.0, 20.0, 30.0]
[DEBUG] 2026-08-18T14:11:44: Kind: ltClosure
[DEBUG] 2026-08-18T14:11:44: Kind: ltClosure
[DEBUG] 2026-08-18T14:11:44: Kind: ltString
[DEBUG] 2026-08-18T14:11:44: Kind: ltNumber
[DEBUG] 2026-08-18T14:11:44: Kind: ltNumber
[DEBUG] 2026-08-18T14:11:44: Kind: ltNumber
[DEBUG] 2026-08-18T14:11:44: IP:    1 | OP:  opGetGlobal | Stack: [function: <main>, function: Test, "Hello", 10.0, 20.0, 30.0]
[DEBUG] 2026-08-18T14:11:44: Kind: ltClosure
[DEBUG] 2026-08-18T14:11:44: Kind: ltClosure
[DEBUG] 2026-08-18T14:11:44: Kind: ltString
[DEBUG] 2026-08-18T14:11:44: Kind: ltNumber
[DEBUG] 2026-08-18T14:11:44: Kind: ltNumber
[DEBUG] 2026-08-18T14:11:44: Kind: ltNumber
[DEBUG] 2026-08-18T14:11:44: Kind: ltNativeFn
[DEBUG] 2026-08-18T14:11:44: IP:    3 | OP:   opConstant | Stack: [function: <main>, function: Test, "Hello", 10.0, 20.0, 30.0, function: 0x4346871936]
[DEBUG] 2026-08-18T14:11:44: Kind: ltClosure
[DEBUG] 2026-08-18T14:11:44: Kind: ltClosure
[DEBUG] 2026-08-18T14:11:44: Kind: ltString
[DEBUG] 2026-08-18T14:11:44: Kind: ltNumber
[DEBUG] 2026-08-18T14:11:44: Kind: ltNumber
[DEBUG] 2026-08-18T14:11:44: Kind: ltNumber
[DEBUG] 2026-08-18T14:11:44: Kind: ltNativeFn
[DEBUG] 2026-08-18T14:11:44: Kind: ltString
[DEBUG] 2026-08-18T14:11:44: IP:    5 | OP:     opVararg | Stack: [function: <main>, function: Test, "Hello", 10.0, 20.0, 30.0, function: 0x4346871936, "Total extra args:"]
[DEBUG] 2026-08-18T14:11:44: Kind: ltClosure
[DEBUG] 2026-08-18T14:11:44: Kind: ltClosure
[DEBUG] 2026-08-18T14:11:44: Kind: ltString
[DEBUG] 2026-08-18T14:11:44: Kind: ltNumber
[DEBUG] 2026-08-18T14:11:44: Kind: ltNumber
[DEBUG] 2026-08-18T14:11:44: Kind: ltNumber
[DEBUG] 2026-08-18T14:11:44: Kind: ltNativeFn
[DEBUG] 2026-08-18T14:11:44: Kind: ltString
[DEBUG] 2026-08-18T14:11:44: Kind: ltTable
[DEBUG] 2026-08-18T14:11:44: IP:    6 | OP:        opLen | Stack: [function: <main>, function: Test, "Hello", 10.0, 20.0, 30.0, function: 0x4346871936, "Total extra args:", table: 0x4346873232]
[DEBUG] 2026-08-18T14:11:44: Kind: ltClosure
[DEBUG] 2026-08-18T14:11:44: Kind: ltClosure
[DEBUG] 2026-08-18T14:11:44: Kind: ltString
[DEBUG] 2026-08-18T14:11:44: Kind: ltNumber
[DEBUG] 2026-08-18T14:11:44: Kind: ltNumber
[DEBUG] 2026-08-18T14:11:44: Kind: ltNumber
[DEBUG] 2026-08-18T14:11:44: Kind: ltNativeFn
[DEBUG] 2026-08-18T14:11:44: Kind: ltString
[DEBUG] 2026-08-18T14:11:44: Kind: ltNumber
[DEBUG] 2026-08-18T14:11:44: IP:    7 | OP:       opCall | Stack: [function: <main>, function: Test, "Hello", 10.0, 20.0, 30.0, function: 0x4346871936, "Total extra args:", 4.0]
[DEBUG] 2026-08-18T14:11:44: Kind: ltClosure
[DEBUG] 2026-08-18T14:11:44: Kind: ltClosure
[DEBUG] 2026-08-18T14:11:44: Kind: ltString
[DEBUG] 2026-08-18T14:11:44: Kind: ltNumber
[DEBUG] 2026-08-18T14:11:44: Kind: ltNumber
[DEBUG] 2026-08-18T14:11:44: Kind: ltNumber
[DEBUG] 2026-08-18T14:11:44: Kind: ltNil
[DEBUG] 2026-08-18T14:11:44: IP:    9 | OP:        opPop | Stack: [function: <main>, function: Test, "Hello", 10.0, 20.0, 30.0, nil]
[DEBUG] 2026-08-18T14:11:44: Kind: ltClosure
[DEBUG] 2026-08-18T14:11:44: Kind: ltClosure
[DEBUG] 2026-08-18T14:11:44: Kind: ltString
[DEBUG] 2026-08-18T14:11:44: Kind: ltNumber
[DEBUG] 2026-08-18T14:11:44: Kind: ltNumber
[DEBUG] 2026-08-18T14:11:44: Kind: ltNumber
[DEBUG] 2026-08-18T14:11:44: IP:   10 | OP:  opGetGlobal | Stack: [function: <main>, function: Test, "Hello", 10.0, 20.0, 30.0]
[DEBUG] 2026-08-18T14:11:44: Kind: ltClosure
[DEBUG] 2026-08-18T14:11:44: Kind: ltClosure
[DEBUG] 2026-08-18T14:11:44: Kind: ltString
[DEBUG] 2026-08-18T14:11:44: Kind: ltNumber
[DEBUG] 2026-08-18T14:11:44: Kind: ltNumber
[DEBUG] 2026-08-18T14:11:44: Kind: ltNumber
[DEBUG] 2026-08-18T14:11:44: Kind: ltNil
[DEBUG] 2026-08-18T14:11:44: IP:   12 | OP:        opPop | Stack: [function: <main>, function: Test, "Hello", 10.0, 20.0, 30.0, nil]
[DEBUG] 2026-08-18T14:11:44: Kind: ltClosure
[DEBUG] 2026-08-18T14:11:44: Kind: ltClosure
[DEBUG] 2026-08-18T14:11:44: Kind: ltString
[DEBUG] 2026-08-18T14:11:44: Kind: ltNumber
[DEBUG] 2026-08-18T14:11:44: Kind: ltNumber
[DEBUG] 2026-08-18T14:11:44: Kind: ltNumber
[DEBUG] 2026-08-18T14:11:44: IP:   13 | OP:  opGetGlobal | Stack: [function: <main>, function: Test, "Hello", 10.0, 20.0, 30.0]
[DEBUG] 2026-08-18T14:11:44: Kind: ltClosure
[DEBUG] 2026-08-18T14:11:44: Kind: ltClosure
[DEBUG] 2026-08-18T14:11:44: Kind: ltString
[DEBUG] 2026-08-18T14:11:44: Kind: ltNumber
[DEBUG] 2026-08-18T14:11:44: Kind: ltNumber
[DEBUG] 2026-08-18T14:11:44: Kind: ltNumber
[DEBUG] 2026-08-18T14:11:44: Kind: ltNil
[DEBUG] 2026-08-18T14:11:44: IP:   15 | OP:        opPop | Stack: [function: <main>, function: Test, "Hello", 10.0, 20.0, 30.0, nil]
[DEBUG] 2026-08-18T14:11:44: Kind: ltClosure
[DEBUG] 2026-08-18T14:11:44: Kind: ltClosure
[DEBUG] 2026-08-18T14:11:44: Kind: ltString
[DEBUG] 2026-08-18T14:11:44: Kind: ltNumber
[DEBUG] 2026-08-18T14:11:44: Kind: ltNumber
[DEBUG] 2026-08-18T14:11:44: Kind: ltNumber
[DEBUG] 2026-08-18T14:11:44: IP:   16 | OP:  opGetGlobal | Stack: [function: <main>, function: Test, "Hello", 10.0, 20.0, 30.0]
[DEBUG] 2026-08-18T14:11:44: Kind: ltClosure
[DEBUG] 2026-08-18T14:11:44: Kind: ltClosure
[DEBUG] 2026-08-18T14:11:44: Kind: ltString
[DEBUG] 2026-08-18T14:11:44: Kind: ltNumber
[DEBUG] 2026-08-18T14:11:44: Kind: ltNumber
[DEBUG] 2026-08-18T14:11:44: Kind: ltNumber
[DEBUG] 2026-08-18T14:11:44: Kind: ltNil
[DEBUG] 2026-08-18T14:11:44: IP:   18 | OP:        opPop | Stack: [function: <main>, function: Test, "Hello", 10.0, 20.0, 30.0, nil]
[DEBUG] 2026-08-18T14:11:44: Kind: ltClosure
[DEBUG] 2026-08-18T14:11:44: Kind: ltClosure
[DEBUG] 2026-08-18T14:11:44: Kind: ltString
[DEBUG] 2026-08-18T14:11:44: Kind: ltNumber
[DEBUG] 2026-08-18T14:11:44: Kind: ltNumber
[DEBUG] 2026-08-18T14:11:44: Kind: ltNumber
[DEBUG] 2026-08-18T14:11:44: IP:   19 | OP:  opGetGlobal | Stack: [function: <main>, function: Test, "Hello", 10.0, 20.0, 30.0]
[DEBUG] 2026-08-18T14:11:44: Kind: ltClosure
[DEBUG] 2026-08-18T14:11:44: Kind: ltClosure
[DEBUG] 2026-08-18T14:11:44: Kind: ltString
[DEBUG] 2026-08-18T14:11:44: Kind: ltNumber
[DEBUG] 2026-08-18T14:11:44: Kind: ltNumber
[DEBUG] 2026-08-18T14:11:44: Kind: ltNumber
[DEBUG] 2026-08-18T14:11:44: Kind: ltNativeFn
[DEBUG] 2026-08-18T14:11:44: IP:   21 | OP:   opConstant | Stack: [function: <main>, function: Test, "Hello", 10.0, 20.0, 30.0, function: 0x4346871936]
[DEBUG] 2026-08-18T14:11:44: Kind: ltClosure
[DEBUG] 2026-08-18T14:11:44: Kind: ltClosure
[DEBUG] 2026-08-18T14:11:44: Kind: ltString
[DEBUG] 2026-08-18T14:11:44: Kind: ltNumber
[DEBUG] 2026-08-18T14:11:44: Kind: ltNumber
[DEBUG] 2026-08-18T14:11:44: Kind: ltNumber
[DEBUG] 2026-08-18T14:11:44: Kind: ltNativeFn
[DEBUG] 2026-08-18T14:11:44: Kind: ltString
[DEBUG] 2026-08-18T14:11:44: IP:   23 | OP:     opVararg | Stack: [function: <main>, function: Test, "Hello", 10.0, 20.0, 30.0, function: 0x4346871936, "Second extra arg:"]
[DEBUG] 2026-08-18T14:11:44: Kind: ltClosure
[DEBUG] 2026-08-18T14:11:44: Kind: ltClosure
[DEBUG] 2026-08-18T14:11:44: Kind: ltString
[DEBUG] 2026-08-18T14:11:44: Kind: ltNumber
[DEBUG] 2026-08-18T14:11:44: Kind: ltNumber
[DEBUG] 2026-08-18T14:11:44: Kind: ltNumber
[DEBUG] 2026-08-18T14:11:44: Kind: ltNativeFn
[DEBUG] 2026-08-18T14:11:44: Kind: ltString
[DEBUG] 2026-08-18T14:11:44: Kind: ltTable
[DEBUG] 2026-08-18T14:11:44: IP:   24 | OP:   opConstant | Stack: [function: <main>, function: Test, "Hello", 10.0, 20.0, 30.0, function: 0x4346871936, "Second extra arg:", table: 0x4346873232]
[DEBUG] 2026-08-18T14:11:44: Kind: ltClosure
[DEBUG] 2026-08-18T14:11:44: Kind: ltClosure
[DEBUG] 2026-08-18T14:11:44: Kind: ltString
[DEBUG] 2026-08-18T14:11:44: Kind: ltNumber
[DEBUG] 2026-08-18T14:11:44: Kind: ltNumber
[DEBUG] 2026-08-18T14:11:44: Kind: ltNumber
[DEBUG] 2026-08-18T14:11:44: Kind: ltNativeFn
[DEBUG] 2026-08-18T14:11:44: Kind: ltString
[DEBUG] 2026-08-18T14:11:44: Kind: ltTable
[DEBUG] 2026-08-18T14:11:44: Kind: ltNumber
[DEBUG] 2026-08-18T14:11:44: IP:   26 | OP:   opGetTable | Stack: [function: <main>, function: Test, "Hello", 10.0, 20.0, 30.0, function: 0x4346871936, "Second extra arg:", table: 0x4346873232, 2.0]
[DEBUG] 2026-08-18T14:11:44: Kind: ltClosure
[DEBUG] 2026-08-18T14:11:44: Kind: ltClosure
[DEBUG] 2026-08-18T14:11:44: Kind: ltString
[DEBUG] 2026-08-18T14:11:44: Kind: ltNumber
[DEBUG] 2026-08-18T14:11:44: Kind: ltNumber
[DEBUG] 2026-08-18T14:11:44: Kind: ltNumber
[DEBUG] 2026-08-18T14:11:44: Kind: ltNativeFn
[DEBUG] 2026-08-18T14:11:44: Kind: ltString
[DEBUG] 2026-08-18T14:11:44: Kind: ltNumber
[DEBUG] 2026-08-18T14:11:44: IP:   27 | OP:       opCall | Stack: [function: <main>, function: Test, "Hello", 10.0, 20.0, 30.0, function: 0x4346871936, "Second extra arg:", 10.0]
[DEBUG] 2026-08-18T14:11:44: Kind: ltClosure
[DEBUG] 2026-08-18T14:11:44: Kind: ltClosure
[DEBUG] 2026-08-18T14:11:44: Kind: ltString
[DEBUG] 2026-08-18T14:11:44: Kind: ltNumber
[DEBUG] 2026-08-18T14:11:44: Kind: ltNumber
[DEBUG] 2026-08-18T14:11:44: Kind: ltNumber
[DEBUG] 2026-08-18T14:11:44: Kind: ltNil
[DEBUG] 2026-08-18T14:11:44: IP:   29 | OP:        opPop | Stack: [function: <main>, function: Test, "Hello", 10.0, 20.0, 30.0, nil]
[DEBUG] 2026-08-18T14:11:44: Kind: ltClosure
[DEBUG] 2026-08-18T14:11:44: Kind: ltClosure
[DEBUG] 2026-08-18T14:11:44: Kind: ltString
[DEBUG] 2026-08-18T14:11:44: Kind: ltNumber
[DEBUG] 2026-08-18T14:11:44: Kind: ltNumber
[DEBUG] 2026-08-18T14:11:44: Kind: ltNumber
[DEBUG] 2026-08-18T14:11:44: IP:   30 | OP:   opConstant | Stack: [function: <main>, function: Test, "Hello", 10.0, 20.0, 30.0]
[DEBUG] 2026-08-18T14:11:44: Kind: ltClosure
[DEBUG] 2026-08-18T14:11:44: Kind: ltClosure
[DEBUG] 2026-08-18T14:11:44: Kind: ltString
[DEBUG] 2026-08-18T14:11:44: Kind: ltNumber
[DEBUG] 2026-08-18T14:11:44: Kind: ltNumber
[DEBUG] 2026-08-18T14:11:44: Kind: ltNumber
[DEBUG] 2026-08-18T14:11:44: Kind: ltNil
[DEBUG] 2026-08-18T14:11:44: IP:   32 | OP:     opReturn | Stack: [function: <main>, function: Test, "Hello", 10.0, 20.0, 30.0, nil]
[DEBUG] 2026-08-18T14:11:44: Kind: ltClosure
[DEBUG] 2026-08-18T14:11:44: Kind: ltNil
[DEBUG] 2026-08-18T14:11:44: IP:   17 | OP:        opPop | Stack: [function: <main>, nil]
[DEBUG] 2026-08-18T14:11:44: Kind: ltClosure
[DEBUG] 2026-08-18T14:11:44: IP:   18 | OP:     opReturn | Stack: [function: <main>]
[DEBUG] 2026-08-18T14:43:23: Tkdots? tkDots
[DEBUG] 2026-08-18T14:43:23: Isvararg: true
[DEBUG] 2026-08-18T14:43:23: Isvararg before fn def: true
[INFO] 2026-08-18T14:43:23: Node name: Test
[INFO] 2026-08-18T14:43:23: Node vararg: true
[DEBUG] 2026-08-18T14:43:23: Kind: ltClosure
[DEBUG] 2026-08-18T14:43:23: IP:    1 | OP:    opClosure | Stack: [function: <main>]
[DEBUG] 2026-08-18T14:43:23: Kind: ltClosure
[DEBUG] 2026-08-18T14:43:23: Kind: ltClosure
[DEBUG] 2026-08-18T14:43:23: IP:    3 | OP:  opSetGlobal | Stack: [function: <main>, function: Test]
[DEBUG] 2026-08-18T14:43:23: Kind: ltClosure
[DEBUG] 2026-08-18T14:43:23: IP:    5 | OP:  opGetGlobal | Stack: [function: <main>]
[DEBUG] 2026-08-18T14:43:23: Kind: ltClosure
[DEBUG] 2026-08-18T14:43:23: Kind: ltClosure
[DEBUG] 2026-08-18T14:43:23: IP:    7 | OP:   opConstant | Stack: [function: <main>, function: Test]
[DEBUG] 2026-08-18T14:43:23: Kind: ltClosure
[DEBUG] 2026-08-18T14:43:23: Kind: ltClosure
[DEBUG] 2026-08-18T14:43:23: Kind: ltString
[DEBUG] 2026-08-18T14:43:23: IP:    9 | OP:   opConstant | Stack: [function: <main>, function: Test, "Hello"]
[DEBUG] 2026-08-18T14:43:23: Kind: ltClosure
[DEBUG] 2026-08-18T14:43:23: Kind: ltClosure
[DEBUG] 2026-08-18T14:43:23: Kind: ltString
[DEBUG] 2026-08-18T14:43:23: Kind: ltNumber
[DEBUG] 2026-08-18T14:43:23: IP:   11 | OP:   opConstant | Stack: [function: <main>, function: Test, "Hello", 10.0]
[DEBUG] 2026-08-18T14:43:23: Kind: ltClosure
[DEBUG] 2026-08-18T14:43:23: Kind: ltClosure
[DEBUG] 2026-08-18T14:43:23: Kind: ltString
[DEBUG] 2026-08-18T14:43:23: Kind: ltNumber
[DEBUG] 2026-08-18T14:43:23: Kind: ltNumber
[DEBUG] 2026-08-18T14:43:23: IP:   13 | OP:   opConstant | Stack: [function: <main>, function: Test, "Hello", 10.0, 20.0]
[DEBUG] 2026-08-18T14:43:23: Kind: ltClosure
[DEBUG] 2026-08-18T14:43:23: Kind: ltClosure
[DEBUG] 2026-08-18T14:43:23: Kind: ltString
[DEBUG] 2026-08-18T14:43:23: Kind: ltNumber
[DEBUG] 2026-08-18T14:43:23: Kind: ltNumber
[DEBUG] 2026-08-18T14:43:23: Kind: ltNumber
[DEBUG] 2026-08-18T14:43:23: IP:   15 | OP:       opCall | Stack: [function: <main>, function: Test, "Hello", 10.0, 20.0, 30.0]
[DEBUG] 2026-08-18T14:43:23: Kind: ltClosure
[DEBUG] 2026-08-18T14:43:23: Kind: ltClosure
[DEBUG] 2026-08-18T14:43:23: Kind: ltString
[DEBUG] 2026-08-18T14:43:23: Kind: ltNumber
[DEBUG] 2026-08-18T14:43:23: Kind: ltNumber
[DEBUG] 2026-08-18T14:43:23: Kind: ltNumber
[DEBUG] 2026-08-18T14:43:23: IP:    1 | OP:  opGetGlobal | Stack: [function: <main>, function: Test, "Hello", 10.0, 20.0, 30.0]
[DEBUG] 2026-08-18T14:43:23: Kind: ltClosure
[DEBUG] 2026-08-18T14:43:23: Kind: ltClosure
[DEBUG] 2026-08-18T14:43:23: Kind: ltString
[DEBUG] 2026-08-18T14:43:23: Kind: ltNumber
[DEBUG] 2026-08-18T14:43:23: Kind: ltNumber
[DEBUG] 2026-08-18T14:43:23: Kind: ltNumber
[DEBUG] 2026-08-18T14:43:23: Kind: ltNativeFn
[DEBUG] 2026-08-18T14:43:23: IP:    3 | OP:   opConstant | Stack: [function: <main>, function: Test, "Hello", 10.0, 20.0, 30.0, function: 0x4370825344]
[DEBUG] 2026-08-18T14:43:23: Kind: ltClosure
[DEBUG] 2026-08-18T14:43:23: Kind: ltClosure
[DEBUG] 2026-08-18T14:43:23: Kind: ltString
[DEBUG] 2026-08-18T14:43:23: Kind: ltNumber
[DEBUG] 2026-08-18T14:43:23: Kind: ltNumber
[DEBUG] 2026-08-18T14:43:23: Kind: ltNumber
[DEBUG] 2026-08-18T14:43:23: Kind: ltNativeFn
[DEBUG] 2026-08-18T14:43:23: Kind: ltString
[DEBUG] 2026-08-18T14:43:23: IP:    5 | OP:     opVararg | Stack: [function: <main>, function: Test, "Hello", 10.0, 20.0, 30.0, function: 0x4370825344, "Total extra args:"]
[DEBUG] 2026-08-18T14:43:23: Kind: ltClosure
[DEBUG] 2026-08-18T14:43:23: Kind: ltClosure
[DEBUG] 2026-08-18T14:43:23: Kind: ltString
[DEBUG] 2026-08-18T14:43:23: Kind: ltNumber
[DEBUG] 2026-08-18T14:43:23: Kind: ltNumber
[DEBUG] 2026-08-18T14:43:23: Kind: ltNumber
[DEBUG] 2026-08-18T14:43:23: Kind: ltNativeFn
[DEBUG] 2026-08-18T14:43:23: Kind: ltString
[DEBUG] 2026-08-18T14:43:23: Kind: ltTable
[DEBUG] 2026-08-18T14:43:23: IP:    6 | OP:        opLen | Stack: [function: <main>, function: Test, "Hello", 10.0, 20.0, 30.0, function: 0x4370825344, "Total extra args:", table: 0x4370827024]
[DEBUG] 2026-08-18T14:43:23: Kind: ltClosure
[DEBUG] 2026-08-18T14:43:23: Kind: ltClosure
[DEBUG] 2026-08-18T14:43:23: Kind: ltString
[DEBUG] 2026-08-18T14:43:23: Kind: ltNumber
[DEBUG] 2026-08-18T14:43:23: Kind: ltNumber
[DEBUG] 2026-08-18T14:43:23: Kind: ltNumber
[DEBUG] 2026-08-18T14:43:23: Kind: ltNativeFn
[DEBUG] 2026-08-18T14:43:23: Kind: ltString
[DEBUG] 2026-08-18T14:43:23: Kind: ltNumber
[DEBUG] 2026-08-18T14:43:23: IP:    7 | OP:       opCall | Stack: [function: <main>, function: Test, "Hello", 10.0, 20.0, 30.0, function: 0x4370825344, "Total extra args:", 4.0]
[DEBUG] 2026-08-18T14:43:23: Kind: ltClosure
[DEBUG] 2026-08-18T14:43:23: Kind: ltClosure
[DEBUG] 2026-08-18T14:43:23: Kind: ltString
[DEBUG] 2026-08-18T14:43:23: Kind: ltNumber
[DEBUG] 2026-08-18T14:43:23: Kind: ltNumber
[DEBUG] 2026-08-18T14:43:23: Kind: ltNumber
[DEBUG] 2026-08-18T14:43:23: Kind: ltNil
[DEBUG] 2026-08-18T14:43:23: IP:    9 | OP:        opPop | Stack: [function: <main>, function: Test, "Hello", 10.0, 20.0, 30.0, nil]
[DEBUG] 2026-08-18T14:43:23: Kind: ltClosure
[DEBUG] 2026-08-18T14:43:23: Kind: ltClosure
[DEBUG] 2026-08-18T14:43:23: Kind: ltString
[DEBUG] 2026-08-18T14:43:23: Kind: ltNumber
[DEBUG] 2026-08-18T14:43:23: Kind: ltNumber
[DEBUG] 2026-08-18T14:43:23: Kind: ltNumber
[DEBUG] 2026-08-18T14:43:23: IP:   10 | OP:  opGetGlobal | Stack: [function: <main>, function: Test, "Hello", 10.0, 20.0, 30.0]
[DEBUG] 2026-08-18T14:43:23: Kind: ltClosure
[DEBUG] 2026-08-18T14:43:23: Kind: ltClosure
[DEBUG] 2026-08-18T14:43:23: Kind: ltString
[DEBUG] 2026-08-18T14:43:23: Kind: ltNumber
[DEBUG] 2026-08-18T14:43:23: Kind: ltNumber
[DEBUG] 2026-08-18T14:43:23: Kind: ltNumber
[DEBUG] 2026-08-18T14:43:23: Kind: ltNil
[DEBUG] 2026-08-18T14:43:23: IP:   12 | OP:        opPop | Stack: [function: <main>, function: Test, "Hello", 10.0, 20.0, 30.0, nil]
[DEBUG] 2026-08-18T14:43:23: Kind: ltClosure
[DEBUG] 2026-08-18T14:43:23: Kind: ltClosure
[DEBUG] 2026-08-18T14:43:23: Kind: ltString
[DEBUG] 2026-08-18T14:43:23: Kind: ltNumber
[DEBUG] 2026-08-18T14:43:23: Kind: ltNumber
[DEBUG] 2026-08-18T14:43:23: Kind: ltNumber
[DEBUG] 2026-08-18T14:43:23: IP:   13 | OP:  opGetGlobal | Stack: [function: <main>, function: Test, "Hello", 10.0, 20.0, 30.0]
[DEBUG] 2026-08-18T14:43:23: Kind: ltClosure
[DEBUG] 2026-08-18T14:43:23: Kind: ltClosure
[DEBUG] 2026-08-18T14:43:23: Kind: ltString
[DEBUG] 2026-08-18T14:43:23: Kind: ltNumber
[DEBUG] 2026-08-18T14:43:23: Kind: ltNumber
[DEBUG] 2026-08-18T14:43:23: Kind: ltNumber
[DEBUG] 2026-08-18T14:43:23: Kind: ltNil
[DEBUG] 2026-08-18T14:43:23: IP:   15 | OP:        opPop | Stack: [function: <main>, function: Test, "Hello", 10.0, 20.0, 30.0, nil]
[DEBUG] 2026-08-18T14:43:23: Kind: ltClosure
[DEBUG] 2026-08-18T14:43:23: Kind: ltClosure
[DEBUG] 2026-08-18T14:43:23: Kind: ltString
[DEBUG] 2026-08-18T14:43:23: Kind: ltNumber
[DEBUG] 2026-08-18T14:43:23: Kind: ltNumber
[DEBUG] 2026-08-18T14:43:23: Kind: ltNumber
[DEBUG] 2026-08-18T14:43:23: IP:   16 | OP:  opGetGlobal | Stack: [function: <main>, function: Test, "Hello", 10.0, 20.0, 30.0]
[DEBUG] 2026-08-18T14:43:23: Kind: ltClosure
[DEBUG] 2026-08-18T14:43:23: Kind: ltClosure
[DEBUG] 2026-08-18T14:43:23: Kind: ltString
[DEBUG] 2026-08-18T14:43:23: Kind: ltNumber
[DEBUG] 2026-08-18T14:43:23: Kind: ltNumber
[DEBUG] 2026-08-18T14:43:23: Kind: ltNumber
[DEBUG] 2026-08-18T14:43:23: Kind: ltNil
[DEBUG] 2026-08-18T14:43:23: IP:   18 | OP:        opPop | Stack: [function: <main>, function: Test, "Hello", 10.0, 20.0, 30.0, nil]
[DEBUG] 2026-08-18T14:43:23: Kind: ltClosure
[DEBUG] 2026-08-18T14:43:23: Kind: ltClosure
[DEBUG] 2026-08-18T14:43:23: Kind: ltString
[DEBUG] 2026-08-18T14:43:23: Kind: ltNumber
[DEBUG] 2026-08-18T14:43:23: Kind: ltNumber
[DEBUG] 2026-08-18T14:43:23: Kind: ltNumber
[DEBUG] 2026-08-18T14:43:23: IP:   19 | OP:  opGetGlobal | Stack: [function: <main>, function: Test, "Hello", 10.0, 20.0, 30.0]
[DEBUG] 2026-08-18T14:43:23: Kind: ltClosure
[DEBUG] 2026-08-18T14:43:23: Kind: ltClosure
[DEBUG] 2026-08-18T14:43:23: Kind: ltString
[DEBUG] 2026-08-18T14:43:23: Kind: ltNumber
[DEBUG] 2026-08-18T14:43:23: Kind: ltNumber
[DEBUG] 2026-08-18T14:43:23: Kind: ltNumber
[DEBUG] 2026-08-18T14:43:23: Kind: ltNativeFn
[DEBUG] 2026-08-18T14:43:23: IP:   21 | OP:   opConstant | Stack: [function: <main>, function: Test, "Hello", 10.0, 20.0, 30.0, function: 0x4370825344]
[DEBUG] 2026-08-18T14:43:23: Kind: ltClosure
[DEBUG] 2026-08-18T14:43:23: Kind: ltClosure
[DEBUG] 2026-08-18T14:43:23: Kind: ltString
[DEBUG] 2026-08-18T14:43:23: Kind: ltNumber
[DEBUG] 2026-08-18T14:43:23: Kind: ltNumber
[DEBUG] 2026-08-18T14:43:23: Kind: ltNumber
[DEBUG] 2026-08-18T14:43:23: Kind: ltNativeFn
[DEBUG] 2026-08-18T14:43:23: Kind: ltString
[DEBUG] 2026-08-18T14:43:23: IP:   23 | OP:     opVararg | Stack: [function: <main>, function: Test, "Hello", 10.0, 20.0, 30.0, function: 0x4370825344, "Second extra arg:"]
[DEBUG] 2026-08-18T14:43:23: Kind: ltClosure
[DEBUG] 2026-08-18T14:43:23: Kind: ltClosure
[DEBUG] 2026-08-18T14:43:23: Kind: ltString
[DEBUG] 2026-08-18T14:43:23: Kind: ltNumber
[DEBUG] 2026-08-18T14:43:23: Kind: ltNumber
[DEBUG] 2026-08-18T14:43:23: Kind: ltNumber
[DEBUG] 2026-08-18T14:43:23: Kind: ltNativeFn
[DEBUG] 2026-08-18T14:43:23: Kind: ltString
[DEBUG] 2026-08-18T14:43:23: Kind: ltTable
[DEBUG] 2026-08-18T14:43:23: IP:   24 | OP:   opConstant | Stack: [function: <main>, function: Test, "Hello", 10.0, 20.0, 30.0, function: 0x4370825344, "Second extra arg:", table: 0x4370827024]
[DEBUG] 2026-08-18T14:43:23: Kind: ltClosure
[DEBUG] 2026-08-18T14:43:23: Kind: ltClosure
[DEBUG] 2026-08-18T14:43:23: Kind: ltString
[DEBUG] 2026-08-18T14:43:23: Kind: ltNumber
[DEBUG] 2026-08-18T14:43:23: Kind: ltNumber
[DEBUG] 2026-08-18T14:43:23: Kind: ltNumber
[DEBUG] 2026-08-18T14:43:23: Kind: ltNativeFn
[DEBUG] 2026-08-18T14:43:23: Kind: ltString
[DEBUG] 2026-08-18T14:43:23: Kind: ltTable
[DEBUG] 2026-08-18T14:43:23: Kind: ltNumber
[DEBUG] 2026-08-18T14:43:23: IP:   26 | OP:   opGetTable | Stack: [function: <main>, function: Test, "Hello", 10.0, 20.0, 30.0, function: 0x4370825344, "Second extra arg:", table: 0x4370827024, 2.0]
[DEBUG] 2026-08-18T14:43:23: Kind: ltClosure
[DEBUG] 2026-08-18T14:43:23: Kind: ltClosure
[DEBUG] 2026-08-18T14:43:23: Kind: ltString
[DEBUG] 2026-08-18T14:43:23: Kind: ltNumber
[DEBUG] 2026-08-18T14:43:23: Kind: ltNumber
[DEBUG] 2026-08-18T14:43:23: Kind: ltNumber
[DEBUG] 2026-08-18T14:43:23: Kind: ltNativeFn
[DEBUG] 2026-08-18T14:43:23: Kind: ltString
[DEBUG] 2026-08-18T14:43:23: Kind: ltNumber
[DEBUG] 2026-08-18T14:43:23: IP:   27 | OP:       opCall | Stack: [function: <main>, function: Test, "Hello", 10.0, 20.0, 30.0, function: 0x4370825344, "Second extra arg:", 10.0]
[DEBUG] 2026-08-18T14:43:23: Kind: ltClosure
[DEBUG] 2026-08-18T14:43:23: Kind: ltClosure
[DEBUG] 2026-08-18T14:43:23: Kind: ltString
[DEBUG] 2026-08-18T14:43:23: Kind: ltNumber
[DEBUG] 2026-08-18T14:43:23: Kind: ltNumber
[DEBUG] 2026-08-18T14:43:23: Kind: ltNumber
[DEBUG] 2026-08-18T14:43:23: Kind: ltNil
[DEBUG] 2026-08-18T14:43:23: IP:   29 | OP:        opPop | Stack: [function: <main>, function: Test, "Hello", 10.0, 20.0, 30.0, nil]
[DEBUG] 2026-08-18T14:43:23: Kind: ltClosure
[DEBUG] 2026-08-18T14:43:23: Kind: ltClosure
[DEBUG] 2026-08-18T14:43:23: Kind: ltString
[DEBUG] 2026-08-18T14:43:23: Kind: ltNumber
[DEBUG] 2026-08-18T14:43:23: Kind: ltNumber
[DEBUG] 2026-08-18T14:43:23: Kind: ltNumber
[DEBUG] 2026-08-18T14:43:23: IP:   30 | OP:   opConstant | Stack: [function: <main>, function: Test, "Hello", 10.0, 20.0, 30.0]
[DEBUG] 2026-08-18T14:43:23: Kind: ltClosure
[DEBUG] 2026-08-18T14:43:23: Kind: ltClosure
[DEBUG] 2026-08-18T14:43:23: Kind: ltString
[DEBUG] 2026-08-18T14:43:23: Kind: ltNumber
[DEBUG] 2026-08-18T14:43:23: Kind: ltNumber
[DEBUG] 2026-08-18T14:43:23: Kind: ltNumber
[DEBUG] 2026-08-18T14:43:23: Kind: ltNil
[DEBUG] 2026-08-18T14:43:23: IP:   32 | OP:     opReturn | Stack: [function: <main>, function: Test, "Hello", 10.0, 20.0, 30.0, nil]
[DEBUG] 2026-08-18T14:43:23: Kind: ltClosure
[DEBUG] 2026-08-18T14:43:23: Kind: ltNil
[DEBUG] 2026-08-18T14:43:23: IP:   17 | OP:        opPop | Stack: [function: <main>, nil]
[DEBUG] 2026-08-18T14:43:23: Kind: ltClosure
[DEBUG] 2026-08-18T14:43:23: IP:   18 | OP:     opReturn | Stack: [function: <main>]
[DEBUG] 2026-08-18T19:44:45: Kind: ltClosure
[DEBUG] 2026-08-18T19:44:45: IP:    1 | OP:   opNewTable | Stack: [function: <main>]
[DEBUG] 2026-08-18T19:44:45: Kind: ltClosure
[DEBUG] 2026-08-18T19:44:45: Kind: ltTable
[DEBUG] 2026-08-18T19:44:45: IP:    2 | OP:   opConstant | Stack: [function: <main>, table: 0x4298196224]
[DEBUG] 2026-08-18T19:44:45: Kind: ltClosure
[DEBUG] 2026-08-18T19:44:45: Kind: ltTable
[DEBUG] 2026-08-18T19:44:45: Kind: ltString
[DEBUG] 2026-08-18T19:44:45: IP:    4 | OP:   opNewTable | Stack: [function: <main>, table: 0x4298196224, "__index"]
[DEBUG] 2026-08-18T19:44:45: Kind: ltClosure
[DEBUG] 2026-08-18T19:44:45: Kind: ltTable
[DEBUG] 2026-08-18T19:44:45: Kind: ltString
[DEBUG] 2026-08-18T19:44:45: Kind: ltTable
[DEBUG] 2026-08-18T19:44:45: IP:    5 | OP:   opConstant | Stack: [function: <main>, table: 0x4298196224, "__index", table: 0x4298196368]
[DEBUG] 2026-08-18T19:44:45: Kind: ltClosure
[DEBUG] 2026-08-18T19:44:45: Kind: ltTable
[DEBUG] 2026-08-18T19:44:45: Kind: ltString
[DEBUG] 2026-08-18T19:44:45: Kind: ltTable
[DEBUG] 2026-08-18T19:44:45: Kind: ltString
[DEBUG] 2026-08-18T19:44:45: IP:    7 | OP:   opConstant | Stack: [function: <main>, table: 0x4298196224, "__index", table: 0x4298196368, "a"]
[DEBUG] 2026-08-18T19:44:45: Kind: ltClosure
[DEBUG] 2026-08-18T19:44:45: Kind: ltTable
[DEBUG] 2026-08-18T19:44:45: Kind: ltString
[DEBUG] 2026-08-18T19:44:45: Kind: ltTable
[DEBUG] 2026-08-18T19:44:45: Kind: ltString
[DEBUG] 2026-08-18T19:44:45: Kind: ltNumber
[DEBUG] 2026-08-18T19:44:45: IP:    9 | OP:   opSetTable | Stack: [function: <main>, table: 0x4298196224, "__index", table: 0x4298196368, "a", 2.0]
[DEBUG] 2026-08-18T19:46:02: Kind: ltClosure
[DEBUG] 2026-08-18T19:46:02: IP:    1 | OP:   opNewTable | Stack: [function: <main>]
[DEBUG] 2026-08-18T19:46:02: Kind: ltClosure
[DEBUG] 2026-08-18T19:46:02: Kind: ltTable
[DEBUG] 2026-08-18T19:46:02: IP:    2 | OP:   opConstant | Stack: [function: <main>, table: 0x4367418624]
[DEBUG] 2026-08-18T19:46:02: Kind: ltClosure
[DEBUG] 2026-08-18T19:46:02: Kind: ltTable
[DEBUG] 2026-08-18T19:46:02: Kind: ltString
[DEBUG] 2026-08-18T19:46:02: IP:    4 | OP:   opNewTable | Stack: [function: <main>, table: 0x4367418624, "__index"]
[DEBUG] 2026-08-18T19:46:02: Kind: ltClosure
[DEBUG] 2026-08-18T19:46:02: Kind: ltTable
[DEBUG] 2026-08-18T19:46:02: Kind: ltString
[DEBUG] 2026-08-18T19:46:02: Kind: ltTable
[DEBUG] 2026-08-18T19:46:02: IP:    5 | OP:   opConstant | Stack: [function: <main>, table: 0x4367418624, "__index", table: 0x4367418768]
[DEBUG] 2026-08-18T19:46:02: Kind: ltClosure
[DEBUG] 2026-08-18T19:46:02: Kind: ltTable
[DEBUG] 2026-08-18T19:46:02: Kind: ltString
[DEBUG] 2026-08-18T19:46:02: Kind: ltTable
[DEBUG] 2026-08-18T19:46:02: Kind: ltString
[DEBUG] 2026-08-18T19:46:02: IP:    7 | OP:   opConstant | Stack: [function: <main>, table: 0x4367418624, "__index", table: 0x4367418768, "a"]
[DEBUG] 2026-08-18T19:46:02: Kind: ltClosure
[DEBUG] 2026-08-18T19:46:02: Kind: ltTable
[DEBUG] 2026-08-18T19:46:02: Kind: ltString
[DEBUG] 2026-08-18T19:46:02: Kind: ltTable
[DEBUG] 2026-08-18T19:46:02: Kind: ltString
[DEBUG] 2026-08-18T19:46:02: Kind: ltNumber
[DEBUG] 2026-08-18T19:46:02: IP:    9 | OP:   opSetTable | Stack: [function: <main>, table: 0x4367418624, "__index", table: 0x4367418768, "a", 2.0]
[DEBUG] 2026-08-18T19:46:02: Kind: ltClosure
[DEBUG] 2026-08-18T19:46:02: Kind: ltTable
[DEBUG] 2026-08-18T19:46:02: Kind: ltString
[DEBUG] 2026-08-18T19:46:02: Kind: ltTable
[DEBUG] 2026-08-18T19:46:02: IP:   10 | OP:   opConstant | Stack: [function: <main>, table: 0x4367418624, "__index", table: 0x4367418768]
[DEBUG] 2026-08-18T19:46:02: Kind: ltClosure
[DEBUG] 2026-08-18T19:46:02: Kind: ltTable
[DEBUG] 2026-08-18T19:46:02: Kind: ltString
[DEBUG] 2026-08-18T19:46:02: Kind: ltTable
[DEBUG] 2026-08-18T19:46:02: Kind: ltString
[DEBUG] 2026-08-18T19:46:02: IP:   12 | OP:   opConstant | Stack: [function: <main>, table: 0x4367418624, "__index", table: 0x4367418768, "b"]
[DEBUG] 2026-08-18T19:46:02: Kind: ltClosure
[DEBUG] 2026-08-18T19:46:02: Kind: ltTable
[DEBUG] 2026-08-18T19:46:02: Kind: ltString
[DEBUG] 2026-08-18T19:46:02: Kind: ltTable
[DEBUG] 2026-08-18T19:46:02: Kind: ltString
[DEBUG] 2026-08-18T19:46:02: Kind: ltNumber
[DEBUG] 2026-08-18T19:46:02: IP:   14 | OP:   opSetTable | Stack: [function: <main>, table: 0x4367418624, "__index", table: 0x4367418768, "b", 3.0]
[DEBUG] 2026-08-18T19:46:02: Kind: ltClosure
[DEBUG] 2026-08-18T19:46:02: Kind: ltTable
[DEBUG] 2026-08-18T19:46:02: Kind: ltString
[DEBUG] 2026-08-18T19:46:02: Kind: ltTable
[DEBUG] 2026-08-18T19:46:02: IP:   15 | OP:   opSetTable | Stack: [function: <main>, table: 0x4367418624, "__index", table: 0x4367418768]
[DEBUG] 2026-08-18T19:46:02: Kind: ltClosure
[DEBUG] 2026-08-18T19:46:02: Kind: ltTable
[DEBUG] 2026-08-18T19:46:02: IP:   16 | OP:   opSetLocal | Stack: [function: <main>, table: 0x4367418624]
[DEBUG] 2026-08-18T19:46:02: Kind: ltClosure
[DEBUG] 2026-08-18T19:46:02: Kind: ltTable
[DEBUG] 2026-08-18T19:46:02: IP:   18 | OP:   opNewTable | Stack: [function: <main>, table: 0x4367418624]
[DEBUG] 2026-08-18T19:46:02: Kind: ltClosure
[DEBUG] 2026-08-18T19:46:02: Kind: ltTable
[DEBUG] 2026-08-18T19:46:02: Kind: ltTable
[DEBUG] 2026-08-18T19:46:02: IP:   19 | OP:   opSetLocal | Stack: [function: <main>, table: 0x4367418624, table: 0x4367418720]
[DEBUG] 2026-08-18T19:46:02: Kind: ltClosure
[DEBUG] 2026-08-18T19:46:02: Kind: ltTable
[DEBUG] 2026-08-18T19:46:02: Kind: ltTable
[DEBUG] 2026-08-18T19:46:02: IP:   21 | OP:  opGetGlobal | Stack: [function: <main>, table: 0x4367418624, table: 0x4367418720]
[DEBUG] 2026-08-18T19:46:02: Kind: ltClosure
[DEBUG] 2026-08-18T19:46:02: Kind: ltTable
[DEBUG] 2026-08-18T19:46:02: Kind: ltTable
[DEBUG] 2026-08-18T19:46:02: Kind: ltNativeFn
[DEBUG] 2026-08-18T19:46:02: IP:   23 | OP:   opGetLocal | Stack: [function: <main>, table: 0x4367418624, table: 0x4367418720, function: 0x4367418384]
[DEBUG] 2026-08-18T19:46:02: Kind: ltClosure
[DEBUG] 2026-08-18T19:46:02: Kind: ltTable
[DEBUG] 2026-08-18T19:46:02: Kind: ltTable
[DEBUG] 2026-08-18T19:46:02: Kind: ltNativeFn
[DEBUG] 2026-08-18T19:46:02: Kind: ltTable
[DEBUG] 2026-08-18T19:46:02: IP:   25 | OP:   opGetLocal | Stack: [function: <main>, table: 0x4367418624, table: 0x4367418720, function: 0x4367418384, table: 0x4367418720]
[DEBUG] 2026-08-18T19:46:02: Kind: ltClosure
[DEBUG] 2026-08-18T19:46:02: Kind: ltTable
[DEBUG] 2026-08-18T19:46:02: Kind: ltTable
[DEBUG] 2026-08-18T19:46:02: Kind: ltNativeFn
[DEBUG] 2026-08-18T19:46:02: Kind: ltTable
[DEBUG] 2026-08-18T19:46:02: Kind: ltTable
[DEBUG] 2026-08-18T19:46:02: IP:   27 | OP:       opCall | Stack: [function: <main>, table: 0x4367418624, table: 0x4367418720, function: 0x4367418384, table: 0x4367418720, table: 0x4367418624]
[DEBUG] 2026-08-18T19:46:02: Kind: ltClosure
[DEBUG] 2026-08-18T19:46:02: Kind: ltTable
[DEBUG] 2026-08-18T19:46:02: Kind: ltTable
[DEBUG] 2026-08-18T19:46:02: Kind: ltTable
[DEBUG] 2026-08-18T19:46:02: IP:   29 | OP:        opPop | Stack: [function: <main>, table: 0x4367418624, table: 0x4367418720, table: 0x4367418720]
[DEBUG] 2026-08-18T19:46:02: Kind: ltClosure
[DEBUG] 2026-08-18T19:46:02: Kind: ltTable
[DEBUG] 2026-08-18T19:46:02: Kind: ltTable
[DEBUG] 2026-08-18T19:46:02: IP:   30 | OP:  opGetGlobal | Stack: [function: <main>, table: 0x4367418624, table: 0x4367418720]
[DEBUG] 2026-08-18T19:46:02: Kind: ltClosure
[DEBUG] 2026-08-18T19:46:02: Kind: ltTable
[DEBUG] 2026-08-18T19:46:02: Kind: ltTable
[DEBUG] 2026-08-18T19:46:02: Kind: ltNativeFn
[DEBUG] 2026-08-18T19:46:02: IP:   32 | OP:   opGetLocal | Stack: [function: <main>, table: 0x4367418624, table: 0x4367418720, function: 0x4367418336]
[DEBUG] 2026-08-18T19:46:02: Kind: ltClosure
[DEBUG] 2026-08-18T19:46:02: Kind: ltTable
[DEBUG] 2026-08-18T19:46:02: Kind: ltTable
[DEBUG] 2026-08-18T19:46:02: Kind: ltNativeFn
[DEBUG] 2026-08-18T19:46:02: Kind: ltTable
[DEBUG] 2026-08-18T19:46:02: IP:   34 | OP:   opConstant | Stack: [function: <main>, table: 0x4367418624, table: 0x4367418720, function: 0x4367418336, table: 0x4367418720]
[DEBUG] 2026-08-18T19:46:02: Kind: ltClosure
[DEBUG] 2026-08-18T19:46:02: Kind: ltTable
[DEBUG] 2026-08-18T19:46:02: Kind: ltTable
[DEBUG] 2026-08-18T19:46:02: Kind: ltNativeFn
[DEBUG] 2026-08-18T19:46:02: Kind: ltTable
[DEBUG] 2026-08-18T19:46:02: Kind: ltString
[DEBUG] 2026-08-18T19:46:02: IP:   36 | OP:   opGetTable | Stack: [function: <main>, table: 0x4367418624, table: 0x4367418720, function: 0x4367418336, table: 0x4367418720, "a"]
[DEBUG] 2026-08-18T19:46:02: Kind: ltClosure
[DEBUG] 2026-08-18T19:46:02: Kind: ltTable
[DEBUG] 2026-08-18T19:46:02: Kind: ltTable
[DEBUG] 2026-08-18T19:46:02: Kind: ltNativeFn
[DEBUG] 2026-08-18T19:46:02: Kind: ltNumber
[DEBUG] 2026-08-18T19:46:02: IP:   37 | OP:       opCall | Stack: [function: <main>, table: 0x4367418624, table: 0x4367418720, function: 0x4367418336, 2.0]
[DEBUG] 2026-08-18T19:46:02: Kind: ltClosure
[DEBUG] 2026-08-18T19:46:02: Kind: ltTable
[DEBUG] 2026-08-18T19:46:02: Kind: ltTable
[DEBUG] 2026-08-18T19:46:02: Kind: ltNil
[DEBUG] 2026-08-18T19:46:02: IP:   39 | OP:        opPop | Stack: [function: <main>, table: 0x4367418624, table: 0x4367418720, nil]
[DEBUG] 2026-08-18T19:46:02: Kind: ltClosure
[DEBUG] 2026-08-18T19:46:02: Kind: ltTable
[DEBUG] 2026-08-18T19:46:02: Kind: ltTable
[DEBUG] 2026-08-18T19:46:02: IP:   40 | OP:     opReturn | Stack: [function: <main>, table: 0x4367418624, table: 0x4367418720]
[FATAL] 2026-08-18T20:21:55: Syntax Error: Expected expression. Kind: tkFor
[FATAL] 2026-08-18T20:22:33: Syntax Error: Expect 'for'
[DEBUG] 2026-08-18T20:23:06: Kind: ltClosure
[DEBUG] 2026-08-18T20:23:06: IP:    1 | OP:   opConstant | Stack: [function: <main>]
[DEBUG] 2026-08-18T20:23:06: Kind: ltClosure
[DEBUG] 2026-08-18T20:23:06: Kind: ltNumber
[DEBUG] 2026-08-18T20:23:06: IP:    3 | OP:   opSetLocal | Stack: [function: <main>, 1.0]
[DEBUG] 2026-08-18T20:23:06: Kind: ltClosure
[DEBUG] 2026-08-18T20:23:06: Kind: ltNumber
[DEBUG] 2026-08-18T20:23:06: IP:    5 | OP:   opConstant | Stack: [function: <main>, 1.0]
[DEBUG] 2026-08-18T20:23:06: Kind: ltClosure
[DEBUG] 2026-08-18T20:23:06: Kind: ltNumber
[DEBUG] 2026-08-18T20:23:06: Kind: ltNumber
[DEBUG] 2026-08-18T20:23:06: IP:    7 | OP:   opSetLocal | Stack: [function: <main>, 1.0, 3.0]
[DEBUG] 2026-08-18T20:23:06: Kind: ltClosure
[DEBUG] 2026-08-18T20:23:06: Kind: ltNumber
[DEBUG] 2026-08-18T20:23:06: Kind: ltNumber
[DEBUG] 2026-08-18T20:23:06: IP:    9 | OP:   opConstant | Stack: [function: <main>, 1.0, 3.0]
[DEBUG] 2026-08-18T20:23:06: Kind: ltClosure
[DEBUG] 2026-08-18T20:23:06: Kind: ltNumber
[DEBUG] 2026-08-18T20:23:06: Kind: ltNumber
[DEBUG] 2026-08-18T20:23:06: Kind: ltNumber
[DEBUG] 2026-08-18T20:23:06: IP:   11 | OP:   opSetLocal | Stack: [function: <main>, 1.0, 3.0, 1.0]
[DEBUG] 2026-08-18T20:23:06: Kind: ltClosure
[DEBUG] 2026-08-18T20:23:06: Kind: ltNumber
[DEBUG] 2026-08-18T20:23:06: Kind: ltNumber
[DEBUG] 2026-08-18T20:23:06: Kind: ltNumber
[DEBUG] 2026-08-18T20:23:06: IP:   13 | OP:   opGetLocal | Stack: [function: <main>, 1.0, 3.0, 1.0]
[DEBUG] 2026-08-18T20:23:06: Kind: ltClosure
[DEBUG] 2026-08-18T20:23:06: Kind: ltNumber
[DEBUG] 2026-08-18T20:23:06: Kind: ltNumber
[DEBUG] 2026-08-18T20:23:06: Kind: ltNumber
[DEBUG] 2026-08-18T20:23:06: Kind: ltNumber
[DEBUG] 2026-08-18T20:23:06: IP:   15 | OP:   opSetLocal | Stack: [function: <main>, 1.0, 3.0, 1.0, 1.0]
[DEBUG] 2026-08-18T20:23:06: Kind: ltClosure
[DEBUG] 2026-08-18T20:23:06: Kind: ltNumber
[DEBUG] 2026-08-18T20:23:06: Kind: ltNumber
[DEBUG] 2026-08-18T20:23:06: Kind: ltNumber
[DEBUG] 2026-08-18T20:23:06: Kind: ltNumber
[DEBUG] 2026-08-18T20:23:06: IP:   17 | OP:   opGetLocal | Stack: [function: <main>, 1.0, 3.0, 1.0, 1.0]
[DEBUG] 2026-08-18T20:23:06: Kind: ltClosure
[DEBUG] 2026-08-18T20:23:06: Kind: ltNumber
[DEBUG] 2026-08-18T20:23:06: Kind: ltNumber
[DEBUG] 2026-08-18T20:23:06: Kind: ltNumber
[DEBUG] 2026-08-18T20:23:06: Kind: ltNumber
[DEBUG] 2026-08-18T20:23:06: Kind: ltNumber
[DEBUG] 2026-08-18T20:23:06: IP:   19 | OP:   opGetLocal | Stack: [function: <main>, 1.0, 3.0, 1.0, 1.0, 1.0]
[DEBUG] 2026-08-18T20:23:06: Kind: ltClosure
[DEBUG] 2026-08-18T20:23:06: Kind: ltNumber
[DEBUG] 2026-08-18T20:23:06: Kind: ltNumber
[DEBUG] 2026-08-18T20:23:06: Kind: ltNumber
[DEBUG] 2026-08-18T20:23:06: Kind: ltNumber
[DEBUG] 2026-08-18T20:23:06: Kind: ltNumber
[DEBUG] 2026-08-18T20:23:06: Kind: ltNumber
[DEBUG] 2026-08-18T20:23:06: IP:   21 | OP:  opLessEqual | Stack: [function: <main>, 1.0, 3.0, 1.0, 1.0, 1.0, 3.0]
[DEBUG] 2026-08-18T20:23:06: Kind: ltClosure
[DEBUG] 2026-08-18T20:23:06: Kind: ltNumber
[DEBUG] 2026-08-18T20:23:06: Kind: ltNumber
[DEBUG] 2026-08-18T20:23:06: Kind: ltNumber
[DEBUG] 2026-08-18T20:23:06: Kind: ltNumber
[DEBUG] 2026-08-18T20:23:06: Kind: ltBool
[DEBUG] 2026-08-18T20:23:06: IP:   22 | OP: opJumpIfFalse | Stack: [function: <main>, 1.0, 3.0, 1.0, 1.0, true]
[DEBUG] 2026-08-18T20:23:06: Kind: ltClosure
[DEBUG] 2026-08-18T20:23:06: Kind: ltNumber
[DEBUG] 2026-08-18T20:23:06: Kind: ltNumber
[DEBUG] 2026-08-18T20:23:06: Kind: ltNumber
[DEBUG] 2026-08-18T20:23:06: Kind: ltNumber
[DEBUG] 2026-08-18T20:23:06: Kind: ltBool
[DEBUG] 2026-08-18T20:23:06: IP:   25 | OP:        opPop | Stack: [function: <main>, 1.0, 3.0, 1.0, 1.0, true]
[DEBUG] 2026-08-18T20:23:06: Kind: ltClosure
[DEBUG] 2026-08-18T20:23:06: Kind: ltNumber
[DEBUG] 2026-08-18T20:23:06: Kind: ltNumber
[DEBUG] 2026-08-18T20:23:06: Kind: ltNumber
[DEBUG] 2026-08-18T20:23:06: Kind: ltNumber
[DEBUG] 2026-08-18T20:23:06: IP:   26 | OP:  opGetGlobal | Stack: [function: <main>, 1.0, 3.0, 1.0, 1.0]
[DEBUG] 2026-08-18T20:23:06: Kind: ltClosure
[DEBUG] 2026-08-18T20:23:06: Kind: ltNumber
[DEBUG] 2026-08-18T20:23:06: Kind: ltNumber
[DEBUG] 2026-08-18T20:23:06: Kind: ltNumber
[DEBUG] 2026-08-18T20:23:06: Kind: ltNumber
[DEBUG] 2026-08-18T20:23:06: Kind: ltNativeFn
[DEBUG] 2026-08-18T20:23:06: IP:   28 | OP:   opGetLocal | Stack: [function: <main>, 1.0, 3.0, 1.0, 1.0, function: 0x4332258080]
[DEBUG] 2026-08-18T20:23:06: Kind: ltClosure
[DEBUG] 2026-08-18T20:23:06: Kind: ltNumber
[DEBUG] 2026-08-18T20:23:06: Kind: ltNumber
[DEBUG] 2026-08-18T20:23:06: Kind: ltNumber
[DEBUG] 2026-08-18T20:23:06: Kind: ltNumber
[DEBUG] 2026-08-18T20:23:06: Kind: ltNativeFn
[DEBUG] 2026-08-18T20:23:06: Kind: ltNumber
[DEBUG] 2026-08-18T20:23:06: IP:   30 | OP:       opCall | Stack: [function: <main>, 1.0, 3.0, 1.0, 1.0, function: 0x4332258080, 1.0]
[DEBUG] 2026-08-18T20:23:06: Kind: ltClosure
[DEBUG] 2026-08-18T20:23:06: Kind: ltNumber
[DEBUG] 2026-08-18T20:23:06: Kind: ltNumber
[DEBUG] 2026-08-18T20:23:06: Kind: ltNumber
[DEBUG] 2026-08-18T20:23:06: Kind: ltNumber
[DEBUG] 2026-08-18T20:23:06: Kind: ltNil
[DEBUG] 2026-08-18T20:23:06: IP:   32 | OP:        opPop | Stack: [function: <main>, 1.0, 3.0, 1.0, 1.0, nil]
[DEBUG] 2026-08-18T20:23:06: Kind: ltClosure
[DEBUG] 2026-08-18T20:23:06: Kind: ltNumber
[DEBUG] 2026-08-18T20:23:06: Kind: ltNumber
[DEBUG] 2026-08-18T20:23:06: Kind: ltNumber
[DEBUG] 2026-08-18T20:23:06: Kind: ltNumber
[DEBUG] 2026-08-18T20:23:06: IP:   33 | OP:   opGetLocal | Stack: [function: <main>, 1.0, 3.0, 1.0, 1.0]
[DEBUG] 2026-08-18T20:23:06: Kind: ltClosure
[DEBUG] 2026-08-18T20:23:06: Kind: ltNumber
[DEBUG] 2026-08-18T20:23:06: Kind: ltNumber
[DEBUG] 2026-08-18T20:23:06: Kind: ltNumber
[DEBUG] 2026-08-18T20:23:06: Kind: ltNumber
[DEBUG] 2026-08-18T20:23:06: Kind: ltNumber
[DEBUG] 2026-08-18T20:23:06: IP:   35 | OP:   opGetLocal | Stack: [function: <main>, 1.0, 3.0, 1.0, 1.0, 1.0]
[DEBUG] 2026-08-18T20:23:06: Kind: ltClosure
[DEBUG] 2026-08-18T20:23:06: Kind: ltNumber
[DEBUG] 2026-08-18T20:23:06: Kind: ltNumber
[DEBUG] 2026-08-18T20:23:06: Kind: ltNumber
[DEBUG] 2026-08-18T20:23:06: Kind: ltNumber
[DEBUG] 2026-08-18T20:23:06: Kind: ltNumber
[DEBUG] 2026-08-18T20:23:06: Kind: ltNumber
[DEBUG] 2026-08-18T20:23:06: IP:   37 | OP:        opAdd | Stack: [function: <main>, 1.0, 3.0, 1.0, 1.0, 1.0, 1.0]
[DEBUG] 2026-08-18T20:23:06: Kind: ltClosure
[DEBUG] 2026-08-18T20:23:06: Kind: ltNumber
[DEBUG] 2026-08-18T20:23:06: Kind: ltNumber
[DEBUG] 2026-08-18T20:23:06: Kind: ltNumber
[DEBUG] 2026-08-18T20:23:06: Kind: ltNumber
[DEBUG] 2026-08-18T20:23:06: Kind: ltNumber
[DEBUG] 2026-08-18T20:23:06: IP:   38 | OP:   opSetLocal | Stack: [function: <main>, 1.0, 3.0, 1.0, 1.0, 2.0]
[DEBUG] 2026-08-18T20:23:06: Kind: ltClosure
[DEBUG] 2026-08-18T20:23:06: Kind: ltNumber
[DEBUG] 2026-08-18T20:23:06: Kind: ltNumber
[DEBUG] 2026-08-18T20:23:06: Kind: ltNumber
[DEBUG] 2026-08-18T20:23:06: Kind: ltNumber
[DEBUG] 2026-08-18T20:23:06: IP:   40 | OP:       opLoop | Stack: [function: <main>, 1.0, 3.0, 1.0, 2.0]
[DEBUG] 2026-08-18T20:23:06: Kind: ltClosure
[DEBUG] 2026-08-18T20:23:06: Kind: ltNumber
[DEBUG] 2026-08-18T20:23:06: Kind: ltNumber
[DEBUG] 2026-08-18T20:23:06: Kind: ltNumber
[DEBUG] 2026-08-18T20:23:06: Kind: ltNumber
[DEBUG] 2026-08-18T20:23:06: IP:   17 | OP:   opGetLocal | Stack: [function: <main>, 1.0, 3.0, 1.0, 2.0]
[DEBUG] 2026-08-18T20:23:06: Kind: ltClosure
[DEBUG] 2026-08-18T20:23:06: Kind: ltNumber
[DEBUG] 2026-08-18T20:23:06: Kind: ltNumber
[DEBUG] 2026-08-18T20:23:06: Kind: ltNumber
[DEBUG] 2026-08-18T20:23:06: Kind: ltNumber
[DEBUG] 2026-08-18T20:23:06: Kind: ltNumber
[DEBUG] 2026-08-18T20:23:06: IP:   19 | OP:   opGetLocal | Stack: [function: <main>, 1.0, 3.0, 1.0, 2.0, 2.0]
[DEBUG] 2026-08-18T20:23:06: Kind: ltClosure
[DEBUG] 2026-08-18T20:23:06: Kind: ltNumber
[DEBUG] 2026-08-18T20:23:06: Kind: ltNumber
[DEBUG] 2026-08-18T20:23:06: Kind: ltNumber
[DEBUG] 2026-08-18T20:23:06: Kind: ltNumber
[DEBUG] 2026-08-18T20:23:06: Kind: ltNumber
[DEBUG] 2026-08-18T20:23:06: Kind: ltNumber
[DEBUG] 2026-08-18T20:23:06: IP:   21 | OP:  opLessEqual | Stack: [function: <main>, 1.0, 3.0, 1.0, 2.0, 2.0, 3.0]
[DEBUG] 2026-08-18T20:23:06: Kind: ltClosure
[DEBUG] 2026-08-18T20:23:06: Kind: ltNumber
[DEBUG] 2026-08-18T20:23:06: Kind: ltNumber
[DEBUG] 2026-08-18T20:23:06: Kind: ltNumber
[DEBUG] 2026-08-18T20:23:06: Kind: ltNumber
[DEBUG] 2026-08-18T20:23:06: Kind: ltBool
[DEBUG] 2026-08-18T20:23:06: IP:   22 | OP: opJumpIfFalse | Stack: [function: <main>, 1.0, 3.0, 1.0, 2.0, true]
[DEBUG] 2026-08-18T20:23:06: Kind: ltClosure
[DEBUG] 2026-08-18T20:23:06: Kind: ltNumber
[DEBUG] 2026-08-18T20:23:06: Kind: ltNumber
[DEBUG] 2026-08-18T20:23:06: Kind: ltNumber
[DEBUG] 2026-08-18T20:23:06: Kind: ltNumber
[DEBUG] 2026-08-18T20:23:06: Kind: ltBool
[DEBUG] 2026-08-18T20:23:06: IP:   25 | OP:        opPop | Stack: [function: <main>, 1.0, 3.0, 1.0, 2.0, true]
[DEBUG] 2026-08-18T20:23:06: Kind: ltClosure
[DEBUG] 2026-08-18T20:23:06: Kind: ltNumber
[DEBUG] 2026-08-18T20:23:06: Kind: ltNumber
[DEBUG] 2026-08-18T20:23:06: Kind: ltNumber
[DEBUG] 2026-08-18T20:23:06: Kind: ltNumber
[DEBUG] 2026-08-18T20:23:06: IP:   26 | OP:  opGetGlobal | Stack: [function: <main>, 1.0, 3.0, 1.0, 2.0]
[DEBUG] 2026-08-18T20:23:06: Kind: ltClosure
[DEBUG] 2026-08-18T20:23:06: Kind: ltNumber
[DEBUG] 2026-08-18T20:23:06: Kind: ltNumber
[DEBUG] 2026-08-18T20:23:06: Kind: ltNumber
[DEBUG] 2026-08-18T20:23:06: Kind: ltNumber
[DEBUG] 2026-08-18T20:23:06: Kind: ltNativeFn
[DEBUG] 2026-08-18T20:23:06: IP:   28 | OP:   opGetLocal | Stack: [function: <main>, 1.0, 3.0, 1.0, 2.0, function: 0x4332258080]
[DEBUG] 2026-08-18T20:23:06: Kind: ltClosure
[DEBUG] 2026-08-18T20:23:06: Kind: ltNumber
[DEBUG] 2026-08-18T20:23:06: Kind: ltNumber
[DEBUG] 2026-08-18T20:23:06: Kind: ltNumber
[DEBUG] 2026-08-18T20:23:06: Kind: ltNumber
[DEBUG] 2026-08-18T20:23:06: Kind: ltNativeFn
[DEBUG] 2026-08-18T20:23:06: Kind: ltNumber
[DEBUG] 2026-08-18T20:23:06: IP:   30 | OP:       opCall | Stack: [function: <main>, 1.0, 3.0, 1.0, 2.0, function: 0x4332258080, 2.0]
[DEBUG] 2026-08-18T20:23:06: Kind: ltClosure
[DEBUG] 2026-08-18T20:23:06: Kind: ltNumber
[DEBUG] 2026-08-18T20:23:06: Kind: ltNumber
[DEBUG] 2026-08-18T20:23:06: Kind: ltNumber
[DEBUG] 2026-08-18T20:23:06: Kind: ltNumber
[DEBUG] 2026-08-18T20:23:06: Kind: ltNil
[DEBUG] 2026-08-18T20:23:06: IP:   32 | OP:        opPop | Stack: [function: <main>, 1.0, 3.0, 1.0, 2.0, nil]
[DEBUG] 2026-08-18T20:23:06: Kind: ltClosure
[DEBUG] 2026-08-18T20:23:06: Kind: ltNumber
[DEBUG] 2026-08-18T20:23:06: Kind: ltNumber
[DEBUG] 2026-08-18T20:23:06: Kind: ltNumber
[DEBUG] 2026-08-18T20:23:06: Kind: ltNumber
[DEBUG] 2026-08-18T20:23:06: IP:   33 | OP:   opGetLocal | Stack: [function: <main>, 1.0, 3.0, 1.0, 2.0]
[DEBUG] 2026-08-18T20:23:06: Kind: ltClosure
[DEBUG] 2026-08-18T20:23:06: Kind: ltNumber
[DEBUG] 2026-08-18T20:23:06: Kind: ltNumber
[DEBUG] 2026-08-18T20:23:06: Kind: ltNumber
[DEBUG] 2026-08-18T20:23:06: Kind: ltNumber
[DEBUG] 2026-08-18T20:23:06: Kind: ltNumber
[DEBUG] 2026-08-18T20:23:06: IP:   35 | OP:   opGetLocal | Stack: [function: <main>, 1.0, 3.0, 1.0, 2.0, 2.0]
[DEBUG] 2026-08-18T20:23:06: Kind: ltClosure
[DEBUG] 2026-08-18T20:23:06: Kind: ltNumber
[DEBUG] 2026-08-18T20:23:06: Kind: ltNumber
[DEBUG] 2026-08-18T20:23:06: Kind: ltNumber
[DEBUG] 2026-08-18T20:23:06: Kind: ltNumber
[DEBUG] 2026-08-18T20:23:06: Kind: ltNumber
[DEBUG] 2026-08-18T20:23:06: Kind: ltNumber
[DEBUG] 2026-08-18T20:23:06: IP:   37 | OP:        opAdd | Stack: [function: <main>, 1.0, 3.0, 1.0, 2.0, 2.0, 1.0]
[DEBUG] 2026-08-18T20:23:06: Kind: ltClosure
[DEBUG] 2026-08-18T20:23:06: Kind: ltNumber
[DEBUG] 2026-08-18T20:23:06: Kind: ltNumber
[DEBUG] 2026-08-18T20:23:06: Kind: ltNumber
[DEBUG] 2026-08-18T20:23:06: Kind: ltNumber
[DEBUG] 2026-08-18T20:23:06: Kind: ltNumber
[DEBUG] 2026-08-18T20:23:06: IP:   38 | OP:   opSetLocal | Stack: [function: <main>, 1.0, 3.0, 1.0, 2.0, 3.0]
[DEBUG] 2026-08-18T20:23:06: Kind: ltClosure
[DEBUG] 2026-08-18T20:23:06: Kind: ltNumber
[DEBUG] 2026-08-18T20:23:06: Kind: ltNumber
[DEBUG] 2026-08-18T20:23:06: Kind: ltNumber
[DEBUG] 2026-08-18T20:23:06: Kind: ltNumber
[DEBUG] 2026-08-18T20:23:06: IP:   40 | OP:       opLoop | Stack: [function: <main>, 1.0, 3.0, 1.0, 3.0]
[DEBUG] 2026-08-18T20:23:06: Kind: ltClosure
[DEBUG] 2026-08-18T20:23:06: Kind: ltNumber
[DEBUG] 2026-08-18T20:23:06: Kind: ltNumber
[DEBUG] 2026-08-18T20:23:06: Kind: ltNumber
[DEBUG] 2026-08-18T20:23:06: Kind: ltNumber
[DEBUG] 2026-08-18T20:23:06: IP:   17 | OP:   opGetLocal | Stack: [function: <main>, 1.0, 3.0, 1.0, 3.0]
[DEBUG] 2026-08-18T20:23:06: Kind: ltClosure
[DEBUG] 2026-08-18T20:23:06: Kind: ltNumber
[DEBUG] 2026-08-18T20:23:06: Kind: ltNumber
[DEBUG] 2026-08-18T20:23:06: Kind: ltNumber
[DEBUG] 2026-08-18T20:23:06: Kind: ltNumber
[DEBUG] 2026-08-18T20:23:06: Kind: ltNumber
[DEBUG] 2026-08-18T20:23:06: IP:   19 | OP:   opGetLocal | Stack: [function: <main>, 1.0, 3.0, 1.0, 3.0, 3.0]
[DEBUG] 2026-08-18T20:23:06: Kind: ltClosure
[DEBUG] 2026-08-18T20:23:06: Kind: ltNumber
[DEBUG] 2026-08-18T20:23:06: Kind: ltNumber
[DEBUG] 2026-08-18T20:23:06: Kind: ltNumber
[DEBUG] 2026-08-18T20:23:06: Kind: ltNumber
[DEBUG] 2026-08-18T20:23:06: Kind: ltNumber
[DEBUG] 2026-08-18T20:23:06: Kind: ltNumber
[DEBUG] 2026-08-18T20:23:06: IP:   21 | OP:  opLessEqual | Stack: [function: <main>, 1.0, 3.0, 1.0, 3.0, 3.0, 3.0]
[DEBUG] 2026-08-18T20:23:06: Kind: ltClosure
[DEBUG] 2026-08-18T20:23:06: Kind: ltNumber
[DEBUG] 2026-08-18T20:23:06: Kind: ltNumber
[DEBUG] 2026-08-18T20:23:06: Kind: ltNumber
[DEBUG] 2026-08-18T20:23:06: Kind: ltNumber
[DEBUG] 2026-08-18T20:23:06: Kind: ltBool
[DEBUG] 2026-08-18T20:23:06: IP:   22 | OP: opJumpIfFalse | Stack: [function: <main>, 1.0, 3.0, 1.0, 3.0, true]
[DEBUG] 2026-08-18T20:23:06: Kind: ltClosure
[DEBUG] 2026-08-18T20:23:06: Kind: ltNumber
[DEBUG] 2026-08-18T20:23:06: Kind: ltNumber
[DEBUG] 2026-08-18T20:23:06: Kind: ltNumber
[DEBUG] 2026-08-18T20:23:06: Kind: ltNumber
[DEBUG] 2026-08-18T20:23:06: Kind: ltBool
[DEBUG] 2026-08-18T20:23:06: IP:   25 | OP:        opPop | Stack: [function: <main>, 1.0, 3.0, 1.0, 3.0, true]
[DEBUG] 2026-08-18T20:23:06: Kind: ltClosure
[DEBUG] 2026-08-18T20:23:06: Kind: ltNumber
[DEBUG] 2026-08-18T20:23:06: Kind: ltNumber
[DEBUG] 2026-08-18T20:23:06: Kind: ltNumber
[DEBUG] 2026-08-18T20:23:06: Kind: ltNumber
[DEBUG] 2026-08-18T20:23:06: IP:   26 | OP:  opGetGlobal | Stack: [function: <main>, 1.0, 3.0, 1.0, 3.0]
[DEBUG] 2026-08-18T20:23:06: Kind: ltClosure
[DEBUG] 2026-08-18T20:23:06: Kind: ltNumber
[DEBUG] 2026-08-18T20:23:06: Kind: ltNumber
[DEBUG] 2026-08-18T20:23:06: Kind: ltNumber
[DEBUG] 2026-08-18T20:23:06: Kind: ltNumber
[DEBUG] 2026-08-18T20:23:06: Kind: ltNativeFn
[DEBUG] 2026-08-18T20:23:06: IP:   28 | OP:   opGetLocal | Stack: [function: <main>, 1.0, 3.0, 1.0, 3.0, function: 0x4332258080]
[DEBUG] 2026-08-18T20:23:06: Kind: ltClosure
[DEBUG] 2026-08-18T20:23:06: Kind: ltNumber
[DEBUG] 2026-08-18T20:23:06: Kind: ltNumber
[DEBUG] 2026-08-18T20:23:06: Kind: ltNumber
[DEBUG] 2026-08-18T20:23:06: Kind: ltNumber
[DEBUG] 2026-08-18T20:23:06: Kind: ltNativeFn
[DEBUG] 2026-08-18T20:23:06: Kind: ltNumber
[DEBUG] 2026-08-18T20:23:06: IP:   30 | OP:       opCall | Stack: [function: <main>, 1.0, 3.0, 1.0, 3.0, function: 0x4332258080, 3.0]
[DEBUG] 2026-08-18T20:23:06: Kind: ltClosure
[DEBUG] 2026-08-18T20:23:06: Kind: ltNumber
[DEBUG] 2026-08-18T20:23:06: Kind: ltNumber
[DEBUG] 2026-08-18T20:23:06: Kind: ltNumber
[DEBUG] 2026-08-18T20:23:06: Kind: ltNumber
[DEBUG] 2026-08-18T20:23:06: Kind: ltNil
[DEBUG] 2026-08-18T20:23:06: IP:   32 | OP:        opPop | Stack: [function: <main>, 1.0, 3.0, 1.0, 3.0, nil]
[DEBUG] 2026-08-18T20:23:06: Kind: ltClosure
[DEBUG] 2026-08-18T20:23:06: Kind: ltNumber
[DEBUG] 2026-08-18T20:23:06: Kind: ltNumber
[DEBUG] 2026-08-18T20:23:06: Kind: ltNumber
[DEBUG] 2026-08-18T20:23:06: Kind: ltNumber
[DEBUG] 2026-08-18T20:23:06: IP:   33 | OP:   opGetLocal | Stack: [function: <main>, 1.0, 3.0, 1.0, 3.0]
[DEBUG] 2026-08-18T20:23:06: Kind: ltClosure
[DEBUG] 2026-08-18T20:23:06: Kind: ltNumber
[DEBUG] 2026-08-18T20:23:06: Kind: ltNumber
[DEBUG] 2026-08-18T20:23:06: Kind: ltNumber
[DEBUG] 2026-08-18T20:23:06: Kind: ltNumber
[DEBUG] 2026-08-18T20:23:06: Kind: ltNumber
[DEBUG] 2026-08-18T20:23:06: IP:   35 | OP:   opGetLocal | Stack: [function: <main>, 1.0, 3.0, 1.0, 3.0, 3.0]
[DEBUG] 2026-08-18T20:23:06: Kind: ltClosure
[DEBUG] 2026-08-18T20:23:06: Kind: ltNumber
[DEBUG] 2026-08-18T20:23:06: Kind: ltNumber
[DEBUG] 2026-08-18T20:23:06: Kind: ltNumber
[DEBUG] 2026-08-18T20:23:06: Kind: ltNumber
[DEBUG] 2026-08-18T20:23:06: Kind: ltNumber
[DEBUG] 2026-08-18T20:23:06: Kind: ltNumber
[DEBUG] 2026-08-18T20:23:06: IP:   37 | OP:        opAdd | Stack: [function: <main>, 1.0, 3.0, 1.0, 3.0, 3.0, 1.0]
[DEBUG] 2026-08-18T20:23:06: Kind: ltClosure
[DEBUG] 2026-08-18T20:23:06: Kind: ltNumber
[DEBUG] 2026-08-18T20:23:06: Kind: ltNumber
[DEBUG] 2026-08-18T20:23:06: Kind: ltNumber
[DEBUG] 2026-08-18T20:23:06: Kind: ltNumber
[DEBUG] 2026-08-18T20:23:06: Kind: ltNumber
[DEBUG] 2026-08-18T20:23:06: IP:   38 | OP:   opSetLocal | Stack: [function: <main>, 1.0, 3.0, 1.0, 3.0, 4.0]
[DEBUG] 2026-08-18T20:23:06: Kind: ltClosure
[DEBUG] 2026-08-18T20:23:06: Kind: ltNumber
[DEBUG] 2026-08-18T20:23:06: Kind: ltNumber
[DEBUG] 2026-08-18T20:23:06: Kind: ltNumber
[DEBUG] 2026-08-18T20:23:06: Kind: ltNumber
[DEBUG] 2026-08-18T20:23:06: IP:   40 | OP:       opLoop | Stack: [function: <main>, 1.0, 3.0, 1.0, 4.0]
[DEBUG] 2026-08-18T20:23:06: Kind: ltClosure
[DEBUG] 2026-08-18T20:23:06: Kind: ltNumber
[DEBUG] 2026-08-18T20:23:06: Kind: ltNumber
[DEBUG] 2026-08-18T20:23:06: Kind: ltNumber
[DEBUG] 2026-08-18T20:23:06: Kind: ltNumber
[DEBUG] 2026-08-18T20:23:06: IP:   17 | OP:   opGetLocal | Stack: [function: <main>, 1.0, 3.0, 1.0, 4.0]
[DEBUG] 2026-08-18T20:23:06: Kind: ltClosure
[DEBUG] 2026-08-18T20:23:06: Kind: ltNumber
[DEBUG] 2026-08-18T20:23:06: Kind: ltNumber
[DEBUG] 2026-08-18T20:23:06: Kind: ltNumber
[DEBUG] 2026-08-18T20:23:06: Kind: ltNumber
[DEBUG] 2026-08-18T20:23:06: Kind: ltNumber
[DEBUG] 2026-08-18T20:23:06: IP:   19 | OP:   opGetLocal | Stack: [function: <main>, 1.0, 3.0, 1.0, 4.0, 4.0]
[DEBUG] 2026-08-18T20:23:06: Kind: ltClosure
[DEBUG] 2026-08-18T20:23:06: Kind: ltNumber
[DEBUG] 2026-08-18T20:23:06: Kind: ltNumber
[DEBUG] 2026-08-18T20:23:06: Kind: ltNumber
[DEBUG] 2026-08-18T20:23:06: Kind: ltNumber
[DEBUG] 2026-08-18T20:23:06: Kind: ltNumber
[DEBUG] 2026-08-18T20:23:06: Kind: ltNumber
[DEBUG] 2026-08-18T20:23:06: IP:   21 | OP:  opLessEqual | Stack: [function: <main>, 1.0, 3.0, 1.0, 4.0, 4.0, 3.0]
[DEBUG] 2026-08-18T20:23:06: Kind: ltClosure
[DEBUG] 2026-08-18T20:23:06: Kind: ltNumber
[DEBUG] 2026-08-18T20:23:06: Kind: ltNumber
[DEBUG] 2026-08-18T20:23:06: Kind: ltNumber
[DEBUG] 2026-08-18T20:23:06: Kind: ltNumber
[DEBUG] 2026-08-18T20:23:06: Kind: ltBool
[DEBUG] 2026-08-18T20:23:06: IP:   22 | OP: opJumpIfFalse | Stack: [function: <main>, 1.0, 3.0, 1.0, 4.0, false]
[DEBUG] 2026-08-18T20:23:06: Kind: ltClosure
[DEBUG] 2026-08-18T20:23:06: Kind: ltNumber
[DEBUG] 2026-08-18T20:23:06: Kind: ltNumber
[DEBUG] 2026-08-18T20:23:06: Kind: ltNumber
[DEBUG] 2026-08-18T20:23:06: Kind: ltNumber
[DEBUG] 2026-08-18T20:23:06: Kind: ltBool
[DEBUG] 2026-08-18T20:23:06: IP:   43 | OP:        opPop | Stack: [function: <main>, 1.0, 3.0, 1.0, 4.0, false]
[DEBUG] 2026-08-18T20:23:06: Kind: ltClosure
[DEBUG] 2026-08-18T20:23:06: Kind: ltNumber
[DEBUG] 2026-08-18T20:23:06: Kind: ltNumber
[DEBUG] 2026-08-18T20:23:06: Kind: ltNumber
[DEBUG] 2026-08-18T20:23:06: Kind: ltNumber
[DEBUG] 2026-08-18T20:23:06: IP:   44 | OP:        opPop | Stack: [function: <main>, 1.0, 3.0, 1.0, 4.0]
[DEBUG] 2026-08-18T20:23:06: Kind: ltClosure
[DEBUG] 2026-08-18T20:23:06: Kind: ltNumber
[DEBUG] 2026-08-18T20:23:06: Kind: ltNumber
[DEBUG] 2026-08-18T20:23:06: Kind: ltNumber
[DEBUG] 2026-08-18T20:23:06: IP:   45 | OP:        opPop | Stack: [function: <main>, 1.0, 3.0, 1.0]
[DEBUG] 2026-08-18T20:23:06: Kind: ltClosure
[DEBUG] 2026-08-18T20:23:06: Kind: ltNumber
[DEBUG] 2026-08-18T20:23:06: Kind: ltNumber
[DEBUG] 2026-08-18T20:23:06: IP:   46 | OP:        opPop | Stack: [function: <main>, 1.0, 3.0]
[DEBUG] 2026-08-18T20:23:06: Kind: ltClosure
[DEBUG] 2026-08-18T20:23:06: Kind: ltNumber
[DEBUG] 2026-08-18T20:23:06: IP:   47 | OP:        opPop | Stack: [function: <main>, 1.0]
[DEBUG] 2026-08-18T20:23:06: Kind: ltClosure
[DEBUG] 2026-08-18T20:23:06: IP:   48 | OP:     opReturn | Stack: [function: <main>]
[FATAL] 2026-08-18T20:39:22: Syntax Error: Expected expression. Kind: tkWhile
[DEBUG] 2026-08-18T20:42:42: Kind: ltClosure
[DEBUG] 2026-08-18T20:42:42: IP:    1 | OP:   opConstant | Stack: [function: <main>]
[DEBUG] 2026-08-18T20:42:42: Kind: ltClosure
[DEBUG] 2026-08-18T20:42:42: Kind: ltNumber
[DEBUG] 2026-08-18T20:42:42: IP:    3 | OP:   opSetLocal | Stack: [function: <main>, 0.0]
[DEBUG] 2026-08-18T20:42:42: Kind: ltClosure
[DEBUG] 2026-08-18T20:42:42: Kind: ltNumber
[DEBUG] 2026-08-18T20:42:42: IP:    5 | OP:   opGetLocal | Stack: [function: <main>, 0.0]
[DEBUG] 2026-08-18T20:42:42: Kind: ltClosure
[DEBUG] 2026-08-18T20:42:42: Kind: ltNumber
[DEBUG] 2026-08-18T20:42:42: Kind: ltNumber
[DEBUG] 2026-08-18T20:42:42: IP:    7 | OP:   opConstant | Stack: [function: <main>, 0.0, 0.0]
[DEBUG] 2026-08-18T20:42:42: Kind: ltClosure
[DEBUG] 2026-08-18T20:42:42: Kind: ltNumber
[DEBUG] 2026-08-18T20:42:42: Kind: ltNumber
[DEBUG] 2026-08-18T20:42:42: Kind: ltNumber
[DEBUG] 2026-08-18T20:42:42: IP:    9 | OP:       opLess | Stack: [function: <main>, 0.0, 0.0, 10.0]
[DEBUG] 2026-08-18T20:42:42: Kind: ltClosure
[DEBUG] 2026-08-18T20:42:42: Kind: ltNumber
[DEBUG] 2026-08-18T20:42:42: Kind: ltBool
[DEBUG] 2026-08-18T20:42:42: IP:   10 | OP: opJumpIfFalse | Stack: [function: <main>, 0.0, true]
[DEBUG] 2026-08-18T20:42:42: Kind: ltClosure
[DEBUG] 2026-08-18T20:42:42: Kind: ltNumber
[DEBUG] 2026-08-18T20:42:42: Kind: ltBool
[DEBUG] 2026-08-18T20:42:42: IP:   13 | OP:        opPop | Stack: [function: <main>, 0.0, true]
[DEBUG] 2026-08-18T20:42:42: Kind: ltClosure
[DEBUG] 2026-08-18T20:42:42: Kind: ltNumber
[DEBUG] 2026-08-18T20:42:42: IP:   14 | OP:  opGetGlobal | Stack: [function: <main>, 0.0]
[DEBUG] 2026-08-18T20:42:42: Kind: ltClosure
[DEBUG] 2026-08-18T20:42:42: Kind: ltNumber
[DEBUG] 2026-08-18T20:42:42: Kind: ltNativeFn
[DEBUG] 2026-08-18T20:42:42: IP:   16 | OP:   opGetLocal | Stack: [function: <main>, 0.0, function: 0x4443816688]
[DEBUG] 2026-08-18T20:42:42: Kind: ltClosure
[DEBUG] 2026-08-18T20:42:42: Kind: ltNumber
[DEBUG] 2026-08-18T20:42:42: Kind: ltNativeFn
[DEBUG] 2026-08-18T20:42:42: Kind: ltNumber
[DEBUG] 2026-08-18T20:42:42: IP:   18 | OP:       opCall | Stack: [function: <main>, 0.0, function: 0x4443816688, 0.0]
[DEBUG] 2026-08-18T20:42:42: Kind: ltClosure
[DEBUG] 2026-08-18T20:42:42: Kind: ltNumber
[DEBUG] 2026-08-18T20:42:42: Kind: ltNil
[DEBUG] 2026-08-18T20:42:42: IP:   20 | OP:        opPop | Stack: [function: <main>, 0.0, nil]
[DEBUG] 2026-08-18T20:42:42: Kind: ltClosure
[DEBUG] 2026-08-18T20:42:42: Kind: ltNumber
[DEBUG] 2026-08-18T20:42:42: IP:   21 | OP:   opGetLocal | Stack: [function: <main>, 0.0]
[DEBUG] 2026-08-18T20:42:42: Kind: ltClosure
[DEBUG] 2026-08-18T20:42:42: Kind: ltNumber
[DEBUG] 2026-08-18T20:42:42: Kind: ltNumber
[DEBUG] 2026-08-18T20:42:42: IP:   23 | OP:   opConstant | Stack: [function: <main>, 0.0, 0.0]
[DEBUG] 2026-08-18T20:42:42: Kind: ltClosure
[DEBUG] 2026-08-18T20:42:42: Kind: ltNumber
[DEBUG] 2026-08-18T20:42:42: Kind: ltNumber
[DEBUG] 2026-08-18T20:42:42: Kind: ltNumber
[DEBUG] 2026-08-18T20:42:42: IP:   25 | OP:        opAdd | Stack: [function: <main>, 0.0, 0.0, 1.0]
[DEBUG] 2026-08-18T20:42:42: Kind: ltClosure
[DEBUG] 2026-08-18T20:42:42: Kind: ltNumber
[DEBUG] 2026-08-18T20:42:42: Kind: ltNumber
[DEBUG] 2026-08-18T20:42:42: IP:   26 | OP:   opSetLocal | Stack: [function: <main>, 0.0, 1.0]
[DEBUG] 2026-08-18T20:42:42: Kind: ltClosure
[DEBUG] 2026-08-18T20:42:42: Kind: ltNumber
[DEBUG] 2026-08-18T20:42:42: IP:   28 | OP:        opPop | Stack: [function: <main>, 1.0]
[DEBUG] 2026-08-18T20:42:42: Kind: ltClosure
[DEBUG] 2026-08-18T20:42:42: IP:   29 | OP:       opLoop | Stack: [function: <main>]
[DEBUG] 2026-08-18T20:42:42: Kind: ltClosure
[DEBUG] 2026-08-18T20:42:42: IP:    5 | OP:   opGetLocal | Stack: [function: <main>]
[DEBUG] 2026-08-19T08:39:29: Kind: ltClosure
[DEBUG] 2026-08-19T08:39:29: IP:    1 | OP:   opConstant | Stack: [function: <main>]
[DEBUG] 2026-08-19T08:39:29: Kind: ltClosure
[DEBUG] 2026-08-19T08:39:29: Kind: ltNumber
[DEBUG] 2026-08-19T08:39:29: IP:    3 | OP:   opSetLocal | Stack: [function: <main>, 0.0]
[DEBUG] 2026-08-19T08:39:29: Kind: ltClosure
[DEBUG] 2026-08-19T08:39:29: Kind: ltNumber
[DEBUG] 2026-08-19T08:39:29: IP:    5 | OP:   opGetLocal | Stack: [function: <main>, 0.0]
[DEBUG] 2026-08-19T08:39:29: Kind: ltClosure
[DEBUG] 2026-08-19T08:39:29: Kind: ltNumber
[DEBUG] 2026-08-19T08:39:29: Kind: ltNumber
[DEBUG] 2026-08-19T08:39:29: IP:    7 | OP:   opConstant | Stack: [function: <main>, 0.0, 0.0]
[DEBUG] 2026-08-19T08:39:29: Kind: ltClosure
[DEBUG] 2026-08-19T08:39:29: Kind: ltNumber
[DEBUG] 2026-08-19T08:39:29: Kind: ltNumber
[DEBUG] 2026-08-19T08:39:29: Kind: ltNumber
[DEBUG] 2026-08-19T08:39:29: IP:    9 | OP:       opLess | Stack: [function: <main>, 0.0, 0.0, 5.0]
[DEBUG] 2026-08-19T08:39:29: Kind: ltClosure
[DEBUG] 2026-08-19T08:39:29: Kind: ltNumber
[DEBUG] 2026-08-19T08:39:29: Kind: ltBool
[DEBUG] 2026-08-19T08:39:29: IP:   10 | OP: opJumpIfFalse | Stack: [function: <main>, 0.0, true]
[DEBUG] 2026-08-19T08:39:29: Kind: ltClosure
[DEBUG] 2026-08-19T08:39:29: Kind: ltNumber
[DEBUG] 2026-08-19T08:39:29: Kind: ltBool
[DEBUG] 2026-08-19T08:39:29: IP:   13 | OP:        opPop | Stack: [function: <main>, 0.0, true]
[DEBUG] 2026-08-19T08:39:29: Kind: ltClosure
[DEBUG] 2026-08-19T08:39:29: Kind: ltNumber
[DEBUG] 2026-08-19T08:39:29: IP:   14 | OP:  opGetGlobal | Stack: [function: <main>, 0.0]
[DEBUG] 2026-08-19T08:39:29: Kind: ltClosure
[DEBUG] 2026-08-19T08:39:29: Kind: ltNumber
[DEBUG] 2026-08-19T08:39:29: Kind: ltNativeFn
[DEBUG] 2026-08-19T08:39:29: IP:   16 | OP:   opGetLocal | Stack: [function: <main>, 0.0, function: 0x4374397680]
[DEBUG] 2026-08-19T08:39:29: Kind: ltClosure
[DEBUG] 2026-08-19T08:39:29: Kind: ltNumber
[DEBUG] 2026-08-19T08:39:29: Kind: ltNativeFn
[DEBUG] 2026-08-19T08:39:29: Kind: ltNumber
[DEBUG] 2026-08-19T08:39:29: IP:   18 | OP:       opCall | Stack: [function: <main>, 0.0, function: 0x4374397680, 0.0]
[DEBUG] 2026-08-19T08:39:29: Kind: ltClosure
[DEBUG] 2026-08-19T08:39:29: Kind: ltNumber
[DEBUG] 2026-08-19T08:39:29: Kind: ltNil
[DEBUG] 2026-08-19T08:39:29: IP:   20 | OP:        opPop | Stack: [function: <main>, 0.0, nil]
[DEBUG] 2026-08-19T08:39:29: Kind: ltClosure
[DEBUG] 2026-08-19T08:39:29: Kind: ltNumber
[DEBUG] 2026-08-19T08:39:29: IP:   21 | OP:   opGetLocal | Stack: [function: <main>, 0.0]
[DEBUG] 2026-08-19T08:39:29: Kind: ltClosure
[DEBUG] 2026-08-19T08:39:29: Kind: ltNumber
[DEBUG] 2026-08-19T08:39:29: Kind: ltNumber
[DEBUG] 2026-08-19T08:39:29: IP:   23 | OP:   opConstant | Stack: [function: <main>, 0.0, 0.0]
[DEBUG] 2026-08-19T08:39:29: Kind: ltClosure
[DEBUG] 2026-08-19T08:39:29: Kind: ltNumber
[DEBUG] 2026-08-19T08:39:29: Kind: ltNumber
[DEBUG] 2026-08-19T08:39:29: Kind: ltNumber
[DEBUG] 2026-08-19T08:39:29: IP:   25 | OP:        opAdd | Stack: [function: <main>, 0.0, 0.0, 1.0]
[DEBUG] 2026-08-19T08:39:29: Kind: ltClosure
[DEBUG] 2026-08-19T08:39:29: Kind: ltNumber
[DEBUG] 2026-08-19T08:39:29: Kind: ltNumber
[DEBUG] 2026-08-19T08:39:29: IP:   26 | OP:   opSetLocal | Stack: [function: <main>, 0.0, 1.0]
[DEBUG] 2026-08-19T08:39:29: Kind: ltClosure
[DEBUG] 2026-08-19T08:39:29: Kind: ltNumber
[DEBUG] 2026-08-19T08:39:29: IP:   28 | OP:        opPop | Stack: [function: <main>, 1.0]
[DEBUG] 2026-08-19T08:39:29: Kind: ltClosure
[DEBUG] 2026-08-19T08:39:29: IP:   29 | OP:       opLoop | Stack: [function: <main>]
[DEBUG] 2026-08-19T08:39:29: Kind: ltClosure
[DEBUG] 2026-08-19T08:39:29: IP:    5 | OP:   opGetLocal | Stack: [function: <main>]
[DEBUG] 2026-08-19T08:45:03: Kind: ltClosure
[DEBUG] 2026-08-19T08:45:03: IP:    1 | OP:   opConstant | Stack: [function: <main>]
[DEBUG] 2026-08-19T08:45:03: Kind: ltClosure
[DEBUG] 2026-08-19T08:45:03: Kind: ltNumber
[DEBUG] 2026-08-19T08:45:03: IP:    3 | OP:   opSetLocal | Stack: [function: <main>, 0.0]
[DEBUG] 2026-08-19T08:45:03: Kind: ltClosure
[DEBUG] 2026-08-19T08:45:03: Kind: ltNumber
[DEBUG] 2026-08-19T08:45:03: IP:    5 | OP:   opGetLocal | Stack: [function: <main>, 0.0]
[DEBUG] 2026-08-19T08:45:03: Kind: ltClosure
[DEBUG] 2026-08-19T08:45:03: Kind: ltNumber
[DEBUG] 2026-08-19T08:45:03: Kind: ltNumber
[DEBUG] 2026-08-19T08:45:03: IP:    7 | OP:   opConstant | Stack: [function: <main>, 0.0, 0.0]
[DEBUG] 2026-08-19T08:45:03: Kind: ltClosure
[DEBUG] 2026-08-19T08:45:03: Kind: ltNumber
[DEBUG] 2026-08-19T08:45:03: Kind: ltNumber
[DEBUG] 2026-08-19T08:45:03: Kind: ltNumber
[DEBUG] 2026-08-19T08:45:03: IP:    9 | OP:       opLess | Stack: [function: <main>, 0.0, 0.0, 5.0]
[DEBUG] 2026-08-19T08:45:03: Kind: ltClosure
[DEBUG] 2026-08-19T08:45:03: Kind: ltNumber
[DEBUG] 2026-08-19T08:45:03: Kind: ltBool
[DEBUG] 2026-08-19T08:45:03: IP:   10 | OP: opJumpIfFalse | Stack: [function: <main>, 0.0, true]
[DEBUG] 2026-08-19T08:45:03: Kind: ltClosure
[DEBUG] 2026-08-19T08:45:03: Kind: ltNumber
[DEBUG] 2026-08-19T08:45:03: Kind: ltBool
[DEBUG] 2026-08-19T08:45:03: IP:   13 | OP:        opPop | Stack: [function: <main>, 0.0, true]
[DEBUG] 2026-08-19T08:45:03: Kind: ltClosure
[DEBUG] 2026-08-19T08:45:03: Kind: ltNumber
[DEBUG] 2026-08-19T08:45:03: IP:   14 | OP:  opGetGlobal | Stack: [function: <main>, 0.0]
[DEBUG] 2026-08-19T08:45:03: Kind: ltClosure
[DEBUG] 2026-08-19T08:45:03: Kind: ltNumber
[DEBUG] 2026-08-19T08:45:03: Kind: ltNativeFn
[DEBUG] 2026-08-19T08:45:03: IP:   16 | OP:   opGetLocal | Stack: [function: <main>, 0.0, function: 0x4374299424]
[DEBUG] 2026-08-19T08:45:03: Kind: ltClosure
[DEBUG] 2026-08-19T08:45:03: Kind: ltNumber
[DEBUG] 2026-08-19T08:45:03: Kind: ltNativeFn
[DEBUG] 2026-08-19T08:45:03: Kind: ltNumber
[DEBUG] 2026-08-19T08:45:03: IP:   18 | OP:       opCall | Stack: [function: <main>, 0.0, function: 0x4374299424, 0.0]
[DEBUG] 2026-08-19T08:45:03: Kind: ltClosure
[DEBUG] 2026-08-19T08:45:03: Kind: ltNumber
[DEBUG] 2026-08-19T08:45:03: Kind: ltNil
[DEBUG] 2026-08-19T08:45:03: IP:   20 | OP:        opPop | Stack: [function: <main>, 0.0, nil]
[DEBUG] 2026-08-19T08:45:03: Kind: ltClosure
[DEBUG] 2026-08-19T08:45:03: Kind: ltNumber
[DEBUG] 2026-08-19T08:45:03: IP:   21 | OP:   opGetLocal | Stack: [function: <main>, 0.0]
[DEBUG] 2026-08-19T08:45:03: Kind: ltClosure
[DEBUG] 2026-08-19T08:45:03: Kind: ltNumber
[DEBUG] 2026-08-19T08:45:03: Kind: ltNumber
[DEBUG] 2026-08-19T08:45:03: IP:   23 | OP:   opConstant | Stack: [function: <main>, 0.0, 0.0]
[DEBUG] 2026-08-19T08:45:03: Kind: ltClosure
[DEBUG] 2026-08-19T08:45:03: Kind: ltNumber
[DEBUG] 2026-08-19T08:45:03: Kind: ltNumber
[DEBUG] 2026-08-19T08:45:03: Kind: ltNumber
[DEBUG] 2026-08-19T08:45:03: IP:   25 | OP:        opAdd | Stack: [function: <main>, 0.0, 0.0, 1.0]
[DEBUG] 2026-08-19T08:45:03: Kind: ltClosure
[DEBUG] 2026-08-19T08:45:03: Kind: ltNumber
[DEBUG] 2026-08-19T08:45:03: Kind: ltNumber
[DEBUG] 2026-08-19T08:45:03: IP:   26 | OP:   opSetLocal | Stack: [function: <main>, 0.0, 1.0]
[DEBUG] 2026-08-19T08:45:03: Kind: ltClosure
[DEBUG] 2026-08-19T08:45:03: Kind: ltNumber
[DEBUG] 2026-08-19T08:45:03: IP:   28 | OP:       opLoop | Stack: [function: <main>, 1.0]
[DEBUG] 2026-08-19T08:45:03: Kind: ltClosure
[DEBUG] 2026-08-19T08:45:03: Kind: ltNumber
[DEBUG] 2026-08-19T08:45:03: IP:    5 | OP:   opGetLocal | Stack: [function: <main>, 1.0]
[DEBUG] 2026-08-19T08:45:03: Kind: ltClosure
[DEBUG] 2026-08-19T08:45:03: Kind: ltNumber
[DEBUG] 2026-08-19T08:45:03: Kind: ltNumber
[DEBUG] 2026-08-19T08:45:03: IP:    7 | OP:   opConstant | Stack: [function: <main>, 1.0, 1.0]
[DEBUG] 2026-08-19T08:45:03: Kind: ltClosure
[DEBUG] 2026-08-19T08:45:03: Kind: ltNumber
[DEBUG] 2026-08-19T08:45:03: Kind: ltNumber
[DEBUG] 2026-08-19T08:45:03: Kind: ltNumber
[DEBUG] 2026-08-19T08:45:03: IP:    9 | OP:       opLess | Stack: [function: <main>, 1.0, 1.0, 5.0]
[DEBUG] 2026-08-19T08:45:03: Kind: ltClosure
[DEBUG] 2026-08-19T08:45:03: Kind: ltNumber
[DEBUG] 2026-08-19T08:45:03: Kind: ltBool
[DEBUG] 2026-08-19T08:45:03: IP:   10 | OP: opJumpIfFalse | Stack: [function: <main>, 1.0, true]
[DEBUG] 2026-08-19T08:45:03: Kind: ltClosure
[DEBUG] 2026-08-19T08:45:03: Kind: ltNumber
[DEBUG] 2026-08-19T08:45:03: Kind: ltBool
[DEBUG] 2026-08-19T08:45:03: IP:   13 | OP:        opPop | Stack: [function: <main>, 1.0, true]
[DEBUG] 2026-08-19T08:45:03: Kind: ltClosure
[DEBUG] 2026-08-19T08:45:03: Kind: ltNumber
[DEBUG] 2026-08-19T08:45:03: IP:   14 | OP:  opGetGlobal | Stack: [function: <main>, 1.0]
[DEBUG] 2026-08-19T08:45:03: Kind: ltClosure
[DEBUG] 2026-08-19T08:45:03: Kind: ltNumber
[DEBUG] 2026-08-19T08:45:03: Kind: ltNativeFn
[DEBUG] 2026-08-19T08:45:03: IP:   16 | OP:   opGetLocal | Stack: [function: <main>, 1.0, function: 0x4374299424]
[DEBUG] 2026-08-19T08:45:03: Kind: ltClosure
[DEBUG] 2026-08-19T08:45:03: Kind: ltNumber
[DEBUG] 2026-08-19T08:45:03: Kind: ltNativeFn
[DEBUG] 2026-08-19T08:45:03: Kind: ltNumber
[DEBUG] 2026-08-19T08:45:03: IP:   18 | OP:       opCall | Stack: [function: <main>, 1.0, function: 0x4374299424, 1.0]
[DEBUG] 2026-08-19T08:45:03: Kind: ltClosure
[DEBUG] 2026-08-19T08:45:03: Kind: ltNumber
[DEBUG] 2026-08-19T08:45:03: Kind: ltNil
[DEBUG] 2026-08-19T08:45:03: IP:   20 | OP:        opPop | Stack: [function: <main>, 1.0, nil]
[DEBUG] 2026-08-19T08:45:03: Kind: ltClosure
[DEBUG] 2026-08-19T08:45:03: Kind: ltNumber
[DEBUG] 2026-08-19T08:45:03: IP:   21 | OP:   opGetLocal | Stack: [function: <main>, 1.0]
[DEBUG] 2026-08-19T08:45:03: Kind: ltClosure
[DEBUG] 2026-08-19T08:45:03: Kind: ltNumber
[DEBUG] 2026-08-19T08:45:03: Kind: ltNumber
[DEBUG] 2026-08-19T08:45:03: IP:   23 | OP:   opConstant | Stack: [function: <main>, 1.0, 1.0]
[DEBUG] 2026-08-19T08:45:03: Kind: ltClosure
[DEBUG] 2026-08-19T08:45:03: Kind: ltNumber
[DEBUG] 2026-08-19T08:45:03: Kind: ltNumber
[DEBUG] 2026-08-19T08:45:03: Kind: ltNumber
[DEBUG] 2026-08-19T08:45:03: IP:   25 | OP:        opAdd | Stack: [function: <main>, 1.0, 1.0, 1.0]
[DEBUG] 2026-08-19T08:45:03: Kind: ltClosure
[DEBUG] 2026-08-19T08:45:03: Kind: ltNumber
[DEBUG] 2026-08-19T08:45:03: Kind: ltNumber
[DEBUG] 2026-08-19T08:45:03: IP:   26 | OP:   opSetLocal | Stack: [function: <main>, 1.0, 2.0]
[DEBUG] 2026-08-19T08:45:03: Kind: ltClosure
[DEBUG] 2026-08-19T08:45:03: Kind: ltNumber
[DEBUG] 2026-08-19T08:45:03: IP:   28 | OP:       opLoop | Stack: [function: <main>, 2.0]
[DEBUG] 2026-08-19T08:45:03: Kind: ltClosure
[DEBUG] 2026-08-19T08:45:03: Kind: ltNumber
[DEBUG] 2026-08-19T08:45:03: IP:    5 | OP:   opGetLocal | Stack: [function: <main>, 2.0]
[DEBUG] 2026-08-19T08:45:03: Kind: ltClosure
[DEBUG] 2026-08-19T08:45:03: Kind: ltNumber
[DEBUG] 2026-08-19T08:45:03: Kind: ltNumber
[DEBUG] 2026-08-19T08:45:03: IP:    7 | OP:   opConstant | Stack: [function: <main>, 2.0, 2.0]
[DEBUG] 2026-08-19T08:45:03: Kind: ltClosure
[DEBUG] 2026-08-19T08:45:03: Kind: ltNumber
[DEBUG] 2026-08-19T08:45:03: Kind: ltNumber
[DEBUG] 2026-08-19T08:45:03: Kind: ltNumber
[DEBUG] 2026-08-19T08:45:03: IP:    9 | OP:       opLess | Stack: [function: <main>, 2.0, 2.0, 5.0]
[DEBUG] 2026-08-19T08:45:03: Kind: ltClosure
[DEBUG] 2026-08-19T08:45:03: Kind: ltNumber
[DEBUG] 2026-08-19T08:45:03: Kind: ltBool
[DEBUG] 2026-08-19T08:45:03: IP:   10 | OP: opJumpIfFalse | Stack: [function: <main>, 2.0, true]
[DEBUG] 2026-08-19T08:45:03: Kind: ltClosure
[DEBUG] 2026-08-19T08:45:03: Kind: ltNumber
[DEBUG] 2026-08-19T08:45:03: Kind: ltBool
[DEBUG] 2026-08-19T08:45:03: IP:   13 | OP:        opPop | Stack: [function: <main>, 2.0, true]
[DEBUG] 2026-08-19T08:45:03: Kind: ltClosure
[DEBUG] 2026-08-19T08:45:03: Kind: ltNumber
[DEBUG] 2026-08-19T08:45:03: IP:   14 | OP:  opGetGlobal | Stack: [function: <main>, 2.0]
[DEBUG] 2026-08-19T08:45:03: Kind: ltClosure
[DEBUG] 2026-08-19T08:45:03: Kind: ltNumber
[DEBUG] 2026-08-19T08:45:03: Kind: ltNativeFn
[DEBUG] 2026-08-19T08:45:03: IP:   16 | OP:   opGetLocal | Stack: [function: <main>, 2.0, function: 0x4374299424]
[DEBUG] 2026-08-19T08:45:03: Kind: ltClosure
[DEBUG] 2026-08-19T08:45:03: Kind: ltNumber
[DEBUG] 2026-08-19T08:45:03: Kind: ltNativeFn
[DEBUG] 2026-08-19T08:45:03: Kind: ltNumber
[DEBUG] 2026-08-19T08:45:03: IP:   18 | OP:       opCall | Stack: [function: <main>, 2.0, function: 0x4374299424, 2.0]
[DEBUG] 2026-08-19T08:45:03: Kind: ltClosure
[DEBUG] 2026-08-19T08:45:03: Kind: ltNumber
[DEBUG] 2026-08-19T08:45:03: Kind: ltNil
[DEBUG] 2026-08-19T08:45:03: IP:   20 | OP:        opPop | Stack: [function: <main>, 2.0, nil]
[DEBUG] 2026-08-19T08:45:03: Kind: ltClosure
[DEBUG] 2026-08-19T08:45:03: Kind: ltNumber
[DEBUG] 2026-08-19T08:45:03: IP:   21 | OP:   opGetLocal | Stack: [function: <main>, 2.0]
[DEBUG] 2026-08-19T08:45:03: Kind: ltClosure
[DEBUG] 2026-08-19T08:45:03: Kind: ltNumber
[DEBUG] 2026-08-19T08:45:03: Kind: ltNumber
[DEBUG] 2026-08-19T08:45:03: IP:   23 | OP:   opConstant | Stack: [function: <main>, 2.0, 2.0]
[DEBUG] 2026-08-19T08:45:03: Kind: ltClosure
[DEBUG] 2026-08-19T08:45:03: Kind: ltNumber
[DEBUG] 2026-08-19T08:45:03: Kind: ltNumber
[DEBUG] 2026-08-19T08:45:03: Kind: ltNumber
[DEBUG] 2026-08-19T08:45:03: IP:   25 | OP:        opAdd | Stack: [function: <main>, 2.0, 2.0, 1.0]
[DEBUG] 2026-08-19T08:45:03: Kind: ltClosure
[DEBUG] 2026-08-19T08:45:03: Kind: ltNumber
[DEBUG] 2026-08-19T08:45:03: Kind: ltNumber
[DEBUG] 2026-08-19T08:45:03: IP:   26 | OP:   opSetLocal | Stack: [function: <main>, 2.0, 3.0]
[DEBUG] 2026-08-19T08:45:03: Kind: ltClosure
[DEBUG] 2026-08-19T08:45:03: Kind: ltNumber
[DEBUG] 2026-08-19T08:45:03: IP:   28 | OP:       opLoop | Stack: [function: <main>, 3.0]
[DEBUG] 2026-08-19T08:45:03: Kind: ltClosure
[DEBUG] 2026-08-19T08:45:03: Kind: ltNumber
[DEBUG] 2026-08-19T08:45:03: IP:    5 | OP:   opGetLocal | Stack: [function: <main>, 3.0]
[DEBUG] 2026-08-19T08:45:03: Kind: ltClosure
[DEBUG] 2026-08-19T08:45:03: Kind: ltNumber
[DEBUG] 2026-08-19T08:45:03: Kind: ltNumber
[DEBUG] 2026-08-19T08:45:03: IP:    7 | OP:   opConstant | Stack: [function: <main>, 3.0, 3.0]
[DEBUG] 2026-08-19T08:45:03: Kind: ltClosure
[DEBUG] 2026-08-19T08:45:03: Kind: ltNumber
[DEBUG] 2026-08-19T08:45:03: Kind: ltNumber
[DEBUG] 2026-08-19T08:45:03: Kind: ltNumber
[DEBUG] 2026-08-19T08:45:03: IP:    9 | OP:       opLess | Stack: [function: <main>, 3.0, 3.0, 5.0]
[DEBUG] 2026-08-19T08:45:03: Kind: ltClosure
[DEBUG] 2026-08-19T08:45:03: Kind: ltNumber
[DEBUG] 2026-08-19T08:45:03: Kind: ltBool
[DEBUG] 2026-08-19T08:45:03: IP:   10 | OP: opJumpIfFalse | Stack: [function: <main>, 3.0, true]
[DEBUG] 2026-08-19T08:45:03: Kind: ltClosure
[DEBUG] 2026-08-19T08:45:03: Kind: ltNumber
[DEBUG] 2026-08-19T08:45:03: Kind: ltBool
[DEBUG] 2026-08-19T08:45:03: IP:   13 | OP:        opPop | Stack: [function: <main>, 3.0, true]
[DEBUG] 2026-08-19T08:45:03: Kind: ltClosure
[DEBUG] 2026-08-19T08:45:03: Kind: ltNumber
[DEBUG] 2026-08-19T08:45:03: IP:   14 | OP:  opGetGlobal | Stack: [function: <main>, 3.0]
[DEBUG] 2026-08-19T08:45:03: Kind: ltClosure
[DEBUG] 2026-08-19T08:45:03: Kind: ltNumber
[DEBUG] 2026-08-19T08:45:03: Kind: ltNativeFn
[DEBUG] 2026-08-19T08:45:03: IP:   16 | OP:   opGetLocal | Stack: [function: <main>, 3.0, function: 0x4374299424]
[DEBUG] 2026-08-19T08:45:03: Kind: ltClosure
[DEBUG] 2026-08-19T08:45:03: Kind: ltNumber
[DEBUG] 2026-08-19T08:45:03: Kind: ltNativeFn
[DEBUG] 2026-08-19T08:45:03: Kind: ltNumber
[DEBUG] 2026-08-19T08:45:03: IP:   18 | OP:       opCall | Stack: [function: <main>, 3.0, function: 0x4374299424, 3.0]
[DEBUG] 2026-08-19T08:45:03: Kind: ltClosure
[DEBUG] 2026-08-19T08:45:03: Kind: ltNumber
[DEBUG] 2026-08-19T08:45:03: Kind: ltNil
[DEBUG] 2026-08-19T08:45:03: IP:   20 | OP:        opPop | Stack: [function: <main>, 3.0, nil]
[DEBUG] 2026-08-19T08:45:03: Kind: ltClosure
[DEBUG] 2026-08-19T08:45:03: Kind: ltNumber
[DEBUG] 2026-08-19T08:45:03: IP:   21 | OP:   opGetLocal | Stack: [function: <main>, 3.0]
[DEBUG] 2026-08-19T08:45:03: Kind: ltClosure
[DEBUG] 2026-08-19T08:45:03: Kind: ltNumber
[DEBUG] 2026-08-19T08:45:03: Kind: ltNumber
[DEBUG] 2026-08-19T08:45:03: IP:   23 | OP:   opConstant | Stack: [function: <main>, 3.0, 3.0]
[DEBUG] 2026-08-19T08:45:03: Kind: ltClosure
[DEBUG] 2026-08-19T08:45:03: Kind: ltNumber
[DEBUG] 2026-08-19T08:45:03: Kind: ltNumber
[DEBUG] 2026-08-19T08:45:03: Kind: ltNumber
[DEBUG] 2026-08-19T08:45:03: IP:   25 | OP:        opAdd | Stack: [function: <main>, 3.0, 3.0, 1.0]
[DEBUG] 2026-08-19T08:45:03: Kind: ltClosure
[DEBUG] 2026-08-19T08:45:03: Kind: ltNumber
[DEBUG] 2026-08-19T08:45:03: Kind: ltNumber
[DEBUG] 2026-08-19T08:45:03: IP:   26 | OP:   opSetLocal | Stack: [function: <main>, 3.0, 4.0]
[DEBUG] 2026-08-19T08:45:03: Kind: ltClosure
[DEBUG] 2026-08-19T08:45:03: Kind: ltNumber
[DEBUG] 2026-08-19T08:45:03: IP:   28 | OP:       opLoop | Stack: [function: <main>, 4.0]
[DEBUG] 2026-08-19T08:45:03: Kind: ltClosure
[DEBUG] 2026-08-19T08:45:03: Kind: ltNumber
[DEBUG] 2026-08-19T08:45:03: IP:    5 | OP:   opGetLocal | Stack: [function: <main>, 4.0]
[DEBUG] 2026-08-19T08:45:03: Kind: ltClosure
[DEBUG] 2026-08-19T08:45:03: Kind: ltNumber
[DEBUG] 2026-08-19T08:45:03: Kind: ltNumber
[DEBUG] 2026-08-19T08:45:03: IP:    7 | OP:   opConstant | Stack: [function: <main>, 4.0, 4.0]
[DEBUG] 2026-08-19T08:45:03: Kind: ltClosure
[DEBUG] 2026-08-19T08:45:03: Kind: ltNumber
[DEBUG] 2026-08-19T08:45:03: Kind: ltNumber
[DEBUG] 2026-08-19T08:45:03: Kind: ltNumber
[DEBUG] 2026-08-19T08:45:03: IP:    9 | OP:       opLess | Stack: [function: <main>, 4.0, 4.0, 5.0]
[DEBUG] 2026-08-19T08:45:03: Kind: ltClosure
[DEBUG] 2026-08-19T08:45:03: Kind: ltNumber
[DEBUG] 2026-08-19T08:45:03: Kind: ltBool
[DEBUG] 2026-08-19T08:45:03: IP:   10 | OP: opJumpIfFalse | Stack: [function: <main>, 4.0, true]
[DEBUG] 2026-08-19T08:45:03: Kind: ltClosure
[DEBUG] 2026-08-19T08:45:03: Kind: ltNumber
[DEBUG] 2026-08-19T08:45:03: Kind: ltBool
[DEBUG] 2026-08-19T08:45:03: IP:   13 | OP:        opPop | Stack: [function: <main>, 4.0, true]
[DEBUG] 2026-08-19T08:45:03: Kind: ltClosure
[DEBUG] 2026-08-19T08:45:03: Kind: ltNumber
[DEBUG] 2026-08-19T08:45:03: IP:   14 | OP:  opGetGlobal | Stack: [function: <main>, 4.0]
[DEBUG] 2026-08-19T08:45:03: Kind: ltClosure
[DEBUG] 2026-08-19T08:45:03: Kind: ltNumber
[DEBUG] 2026-08-19T08:45:03: Kind: ltNativeFn
[DEBUG] 2026-08-19T08:45:03: IP:   16 | OP:   opGetLocal | Stack: [function: <main>, 4.0, function: 0x4374299424]
[DEBUG] 2026-08-19T08:45:03: Kind: ltClosure
[DEBUG] 2026-08-19T08:45:03: Kind: ltNumber
[DEBUG] 2026-08-19T08:45:03: Kind: ltNativeFn
[DEBUG] 2026-08-19T08:45:03: Kind: ltNumber
[DEBUG] 2026-08-19T08:45:03: IP:   18 | OP:       opCall | Stack: [function: <main>, 4.0, function: 0x4374299424, 4.0]
[DEBUG] 2026-08-19T08:45:03: Kind: ltClosure
[DEBUG] 2026-08-19T08:45:03: Kind: ltNumber
[DEBUG] 2026-08-19T08:45:03: Kind: ltNil
[DEBUG] 2026-08-19T08:45:03: IP:   20 | OP:        opPop | Stack: [function: <main>, 4.0, nil]
[DEBUG] 2026-08-19T08:45:03: Kind: ltClosure
[DEBUG] 2026-08-19T08:45:03: Kind: ltNumber
[DEBUG] 2026-08-19T08:45:03: IP:   21 | OP:   opGetLocal | Stack: [function: <main>, 4.0]
[DEBUG] 2026-08-19T08:45:03: Kind: ltClosure
[DEBUG] 2026-08-19T08:45:03: Kind: ltNumber
[DEBUG] 2026-08-19T08:45:03: Kind: ltNumber
[DEBUG] 2026-08-19T08:45:03: IP:   23 | OP:   opConstant | Stack: [function: <main>, 4.0, 4.0]
[DEBUG] 2026-08-19T08:45:03: Kind: ltClosure
[DEBUG] 2026-08-19T08:45:03: Kind: ltNumber
[DEBUG] 2026-08-19T08:45:03: Kind: ltNumber
[DEBUG] 2026-08-19T08:45:03: Kind: ltNumber
[DEBUG] 2026-08-19T08:45:03: IP:   25 | OP:        opAdd | Stack: [function: <main>, 4.0, 4.0, 1.0]
[DEBUG] 2026-08-19T08:45:03: Kind: ltClosure
[DEBUG] 2026-08-19T08:45:03: Kind: ltNumber
[DEBUG] 2026-08-19T08:45:03: Kind: ltNumber
[DEBUG] 2026-08-19T08:45:03: IP:   26 | OP:   opSetLocal | Stack: [function: <main>, 4.0, 5.0]
[DEBUG] 2026-08-19T08:45:03: Kind: ltClosure
[DEBUG] 2026-08-19T08:45:03: Kind: ltNumber
[DEBUG] 2026-08-19T08:45:03: IP:   28 | OP:       opLoop | Stack: [function: <main>, 5.0]
[DEBUG] 2026-08-19T08:45:03: Kind: ltClosure
[DEBUG] 2026-08-19T08:45:03: Kind: ltNumber
[DEBUG] 2026-08-19T08:45:03: IP:    5 | OP:   opGetLocal | Stack: [function: <main>, 5.0]
[DEBUG] 2026-08-19T08:45:03: Kind: ltClosure
[DEBUG] 2026-08-19T08:45:03: Kind: ltNumber
[DEBUG] 2026-08-19T08:45:03: Kind: ltNumber
[DEBUG] 2026-08-19T08:45:03: IP:    7 | OP:   opConstant | Stack: [function: <main>, 5.0, 5.0]
[DEBUG] 2026-08-19T08:45:03: Kind: ltClosure
[DEBUG] 2026-08-19T08:45:03: Kind: ltNumber
[DEBUG] 2026-08-19T08:45:03: Kind: ltNumber
[DEBUG] 2026-08-19T08:45:03: Kind: ltNumber
[DEBUG] 2026-08-19T08:45:03: IP:    9 | OP:       opLess | Stack: [function: <main>, 5.0, 5.0, 5.0]
[DEBUG] 2026-08-19T08:45:03: Kind: ltClosure
[DEBUG] 2026-08-19T08:45:03: Kind: ltNumber
[DEBUG] 2026-08-19T08:45:03: Kind: ltBool
[DEBUG] 2026-08-19T08:45:03: IP:   10 | OP: opJumpIfFalse | Stack: [function: <main>, 5.0, false]
[DEBUG] 2026-08-19T08:45:03: Kind: ltClosure
[DEBUG] 2026-08-19T08:45:03: Kind: ltNumber
[DEBUG] 2026-08-19T08:45:03: Kind: ltBool
[DEBUG] 2026-08-19T08:45:03: IP:   31 | OP:        opPop | Stack: [function: <main>, 5.0, false]
[DEBUG] 2026-08-19T08:45:03: Kind: ltClosure
[DEBUG] 2026-08-19T08:45:03: Kind: ltNumber
[DEBUG] 2026-08-19T08:45:03: IP:   32 | OP:     opReturn | Stack: [function: <main>, 5.0]
[FATAL] 2026-08-19T09:04:10: Syntax Error: Expected expression. Kind: tkBreak
[DEBUG] 2026-08-19T09:05:12: Kind: ltClosure
[DEBUG] 2026-08-19T09:05:12: IP:    1 | OP:   opConstant | Stack: [function: <main>]
[DEBUG] 2026-08-19T09:05:12: Kind: ltClosure
[DEBUG] 2026-08-19T09:05:12: Kind: ltNumber
[DEBUG] 2026-08-19T09:05:12: IP:    3 | OP:   opSetLocal | Stack: [function: <main>, 0.0]
[DEBUG] 2026-08-19T09:05:12: Kind: ltClosure
[DEBUG] 2026-08-19T09:05:12: Kind: ltNumber
[DEBUG] 2026-08-19T09:05:12: IP:    5 | OP:   opGetLocal | Stack: [function: <main>, 0.0]
[DEBUG] 2026-08-19T09:05:12: Kind: ltClosure
[DEBUG] 2026-08-19T09:05:12: Kind: ltNumber
[DEBUG] 2026-08-19T09:05:12: Kind: ltNumber
[DEBUG] 2026-08-19T09:05:12: IP:    7 | OP:   opConstant | Stack: [function: <main>, 0.0, 0.0]
[DEBUG] 2026-08-19T09:05:12: Kind: ltClosure
[DEBUG] 2026-08-19T09:05:12: Kind: ltNumber
[DEBUG] 2026-08-19T09:05:12: Kind: ltNumber
[DEBUG] 2026-08-19T09:05:12: Kind: ltNumber
[DEBUG] 2026-08-19T09:05:12: IP:    9 | OP:       opLess | Stack: [function: <main>, 0.0, 0.0, 5.0]
[DEBUG] 2026-08-19T09:05:12: Kind: ltClosure
[DEBUG] 2026-08-19T09:05:12: Kind: ltNumber
[DEBUG] 2026-08-19T09:05:12: Kind: ltBool
[DEBUG] 2026-08-19T09:05:12: IP:   10 | OP: opJumpIfFalse | Stack: [function: <main>, 0.0, true]
[DEBUG] 2026-08-19T09:05:12: Kind: ltClosure
[DEBUG] 2026-08-19T09:05:12: Kind: ltNumber
[DEBUG] 2026-08-19T09:05:12: Kind: ltBool
[DEBUG] 2026-08-19T09:05:12: IP:   13 | OP:        opPop | Stack: [function: <main>, 0.0, true]
[DEBUG] 2026-08-19T09:05:12: Kind: ltClosure
[DEBUG] 2026-08-19T09:05:12: Kind: ltNumber
[DEBUG] 2026-08-19T09:05:12: IP:   14 | OP:   opGetLocal | Stack: [function: <main>, 0.0]
[DEBUG] 2026-08-19T09:05:12: Kind: ltClosure
[DEBUG] 2026-08-19T09:05:12: Kind: ltNumber
[DEBUG] 2026-08-19T09:05:12: Kind: ltNumber
[DEBUG] 2026-08-19T09:05:12: IP:   16 | OP:   opConstant | Stack: [function: <main>, 0.0, 0.0]
[DEBUG] 2026-08-19T09:05:12: Kind: ltClosure
[DEBUG] 2026-08-19T09:05:12: Kind: ltNumber
[DEBUG] 2026-08-19T09:05:12: Kind: ltNumber
[DEBUG] 2026-08-19T09:05:12: Kind: ltNumber
[DEBUG] 2026-08-19T09:05:12: IP:   18 | OP:     opEquals | Stack: [function: <main>, 0.0, 0.0, 3.0]
[DEBUG] 2026-08-19T09:05:12: Kind: ltClosure
[DEBUG] 2026-08-19T09:05:12: Kind: ltNumber
[DEBUG] 2026-08-19T09:05:12: Kind: ltBool
[DEBUG] 2026-08-19T09:05:12: IP:   19 | OP: opJumpIfFalse | Stack: [function: <main>, 0.0, false]
[DEBUG] 2026-08-19T09:05:12: Kind: ltClosure
[DEBUG] 2026-08-19T09:05:12: Kind: ltNumber
[DEBUG] 2026-08-19T09:05:12: Kind: ltBool
[DEBUG] 2026-08-19T09:05:12: IP:   35 | OP:        opPop | Stack: [function: <main>, 0.0, false]
[DEBUG] 2026-08-19T09:05:12: Kind: ltClosure
[DEBUG] 2026-08-19T09:05:12: Kind: ltNumber
[DEBUG] 2026-08-19T09:05:12: IP:   36 | OP:  opGetGlobal | Stack: [function: <main>, 0.0]
[DEBUG] 2026-08-19T09:05:12: Kind: ltClosure
[DEBUG] 2026-08-19T09:05:12: Kind: ltNumber
[DEBUG] 2026-08-19T09:05:12: Kind: ltNativeFn
[DEBUG] 2026-08-19T09:05:12: IP:   38 | OP:   opGetLocal | Stack: [function: <main>, 0.0, function: 0x4336534400]
[DEBUG] 2026-08-19T09:05:12: Kind: ltClosure
[DEBUG] 2026-08-19T09:05:12: Kind: ltNumber
[DEBUG] 2026-08-19T09:05:12: Kind: ltNativeFn
[DEBUG] 2026-08-19T09:05:12: Kind: ltNumber
[DEBUG] 2026-08-19T09:05:12: IP:   40 | OP:       opCall | Stack: [function: <main>, 0.0, function: 0x4336534400, 0.0]
[DEBUG] 2026-08-19T09:05:12: Kind: ltClosure
[DEBUG] 2026-08-19T09:05:12: Kind: ltNumber
[DEBUG] 2026-08-19T09:05:12: Kind: ltNil
[DEBUG] 2026-08-19T09:05:12: IP:   42 | OP:        opPop | Stack: [function: <main>, 0.0, nil]
[DEBUG] 2026-08-19T09:05:12: Kind: ltClosure
[DEBUG] 2026-08-19T09:05:12: Kind: ltNumber
[DEBUG] 2026-08-19T09:05:12: IP:   43 | OP:   opGetLocal | Stack: [function: <main>, 0.0]
[DEBUG] 2026-08-19T09:05:12: Kind: ltClosure
[DEBUG] 2026-08-19T09:05:12: Kind: ltNumber
[DEBUG] 2026-08-19T09:05:12: Kind: ltNumber
[DEBUG] 2026-08-19T09:05:12: IP:   45 | OP:   opConstant | Stack: [function: <main>, 0.0, 0.0]
[DEBUG] 2026-08-19T09:05:12: Kind: ltClosure
[DEBUG] 2026-08-19T09:05:12: Kind: ltNumber
[DEBUG] 2026-08-19T09:05:12: Kind: ltNumber
[DEBUG] 2026-08-19T09:05:12: Kind: ltNumber
[DEBUG] 2026-08-19T09:05:12: IP:   47 | OP:        opAdd | Stack: [function: <main>, 0.0, 0.0, 1.0]
[DEBUG] 2026-08-19T09:05:12: Kind: ltClosure
[DEBUG] 2026-08-19T09:05:12: Kind: ltNumber
[DEBUG] 2026-08-19T09:05:12: Kind: ltNumber
[DEBUG] 2026-08-19T09:05:12: IP:   48 | OP:   opSetLocal | Stack: [function: <main>, 0.0, 1.0]
[DEBUG] 2026-08-19T09:05:12: Kind: ltClosure
[DEBUG] 2026-08-19T09:05:12: Kind: ltNumber
[DEBUG] 2026-08-19T09:05:12: IP:   50 | OP:       opLoop | Stack: [function: <main>, 1.0]
[DEBUG] 2026-08-19T09:05:12: Kind: ltClosure
[DEBUG] 2026-08-19T09:05:12: Kind: ltNumber
[DEBUG] 2026-08-19T09:05:12: IP:    5 | OP:   opGetLocal | Stack: [function: <main>, 1.0]
[DEBUG] 2026-08-19T09:05:12: Kind: ltClosure
[DEBUG] 2026-08-19T09:05:12: Kind: ltNumber
[DEBUG] 2026-08-19T09:05:12: Kind: ltNumber
[DEBUG] 2026-08-19T09:05:12: IP:    7 | OP:   opConstant | Stack: [function: <main>, 1.0, 1.0]
[DEBUG] 2026-08-19T09:05:12: Kind: ltClosure
[DEBUG] 2026-08-19T09:05:12: Kind: ltNumber
[DEBUG] 2026-08-19T09:05:12: Kind: ltNumber
[DEBUG] 2026-08-19T09:05:12: Kind: ltNumber
[DEBUG] 2026-08-19T09:05:12: IP:    9 | OP:       opLess | Stack: [function: <main>, 1.0, 1.0, 5.0]
[DEBUG] 2026-08-19T09:05:12: Kind: ltClosure
[DEBUG] 2026-08-19T09:05:12: Kind: ltNumber
[DEBUG] 2026-08-19T09:05:12: Kind: ltBool
[DEBUG] 2026-08-19T09:05:12: IP:   10 | OP: opJumpIfFalse | Stack: [function: <main>, 1.0, true]
[DEBUG] 2026-08-19T09:05:12: Kind: ltClosure
[DEBUG] 2026-08-19T09:05:12: Kind: ltNumber
[DEBUG] 2026-08-19T09:05:12: Kind: ltBool
[DEBUG] 2026-08-19T09:05:12: IP:   13 | OP:        opPop | Stack: [function: <main>, 1.0, true]
[DEBUG] 2026-08-19T09:05:12: Kind: ltClosure
[DEBUG] 2026-08-19T09:05:12: Kind: ltNumber
[DEBUG] 2026-08-19T09:05:12: IP:   14 | OP:   opGetLocal | Stack: [function: <main>, 1.0]
[DEBUG] 2026-08-19T09:05:12: Kind: ltClosure
[DEBUG] 2026-08-19T09:05:12: Kind: ltNumber
[DEBUG] 2026-08-19T09:05:12: Kind: ltNumber
[DEBUG] 2026-08-19T09:05:12: IP:   16 | OP:   opConstant | Stack: [function: <main>, 1.0, 1.0]
[DEBUG] 2026-08-19T09:05:12: Kind: ltClosure
[DEBUG] 2026-08-19T09:05:12: Kind: ltNumber
[DEBUG] 2026-08-19T09:05:12: Kind: ltNumber
[DEBUG] 2026-08-19T09:05:12: Kind: ltNumber
[DEBUG] 2026-08-19T09:05:12: IP:   18 | OP:     opEquals | Stack: [function: <main>, 1.0, 1.0, 3.0]
[DEBUG] 2026-08-19T09:05:12: Kind: ltClosure
[DEBUG] 2026-08-19T09:05:12: Kind: ltNumber
[DEBUG] 2026-08-19T09:05:12: Kind: ltBool
[DEBUG] 2026-08-19T09:05:12: IP:   19 | OP: opJumpIfFalse | Stack: [function: <main>, 1.0, false]
[DEBUG] 2026-08-19T09:05:12: Kind: ltClosure
[DEBUG] 2026-08-19T09:05:12: Kind: ltNumber
[DEBUG] 2026-08-19T09:05:12: Kind: ltBool
[DEBUG] 2026-08-19T09:05:12: IP:   35 | OP:        opPop | Stack: [function: <main>, 1.0, false]
[DEBUG] 2026-08-19T09:05:12: Kind: ltClosure
[DEBUG] 2026-08-19T09:05:12: Kind: ltNumber
[DEBUG] 2026-08-19T09:05:12: IP:   36 | OP:  opGetGlobal | Stack: [function: <main>, 1.0]
[DEBUG] 2026-08-19T09:05:12: Kind: ltClosure
[DEBUG] 2026-08-19T09:05:12: Kind: ltNumber
[DEBUG] 2026-08-19T09:05:12: Kind: ltNativeFn
[DEBUG] 2026-08-19T09:05:12: IP:   38 | OP:   opGetLocal | Stack: [function: <main>, 1.0, function: 0x4336534400]
[DEBUG] 2026-08-19T09:05:12: Kind: ltClosure
[DEBUG] 2026-08-19T09:05:12: Kind: ltNumber
[DEBUG] 2026-08-19T09:05:12: Kind: ltNativeFn
[DEBUG] 2026-08-19T09:05:12: Kind: ltNumber
[DEBUG] 2026-08-19T09:05:12: IP:   40 | OP:       opCall | Stack: [function: <main>, 1.0, function: 0x4336534400, 1.0]
[DEBUG] 2026-08-19T09:05:12: Kind: ltClosure
[DEBUG] 2026-08-19T09:05:12: Kind: ltNumber
[DEBUG] 2026-08-19T09:05:12: Kind: ltNil
[DEBUG] 2026-08-19T09:05:12: IP:   42 | OP:        opPop | Stack: [function: <main>, 1.0, nil]
[DEBUG] 2026-08-19T09:05:12: Kind: ltClosure
[DEBUG] 2026-08-19T09:05:12: Kind: ltNumber
[DEBUG] 2026-08-19T09:05:12: IP:   43 | OP:   opGetLocal | Stack: [function: <main>, 1.0]
[DEBUG] 2026-08-19T09:05:12: Kind: ltClosure
[DEBUG] 2026-08-19T09:05:12: Kind: ltNumber
[DEBUG] 2026-08-19T09:05:12: Kind: ltNumber
[DEBUG] 2026-08-19T09:05:12: IP:   45 | OP:   opConstant | Stack: [function: <main>, 1.0, 1.0]
[DEBUG] 2026-08-19T09:05:12: Kind: ltClosure
[DEBUG] 2026-08-19T09:05:12: Kind: ltNumber
[DEBUG] 2026-08-19T09:05:12: Kind: ltNumber
[DEBUG] 2026-08-19T09:05:12: Kind: ltNumber
[DEBUG] 2026-08-19T09:05:12: IP:   47 | OP:        opAdd | Stack: [function: <main>, 1.0, 1.0, 1.0]
[DEBUG] 2026-08-19T09:05:12: Kind: ltClosure
[DEBUG] 2026-08-19T09:05:12: Kind: ltNumber
[DEBUG] 2026-08-19T09:05:12: Kind: ltNumber
[DEBUG] 2026-08-19T09:05:12: IP:   48 | OP:   opSetLocal | Stack: [function: <main>, 1.0, 2.0]
[DEBUG] 2026-08-19T09:05:12: Kind: ltClosure
[DEBUG] 2026-08-19T09:05:12: Kind: ltNumber
[DEBUG] 2026-08-19T09:05:12: IP:   50 | OP:       opLoop | Stack: [function: <main>, 2.0]
[DEBUG] 2026-08-19T09:05:12: Kind: ltClosure
[DEBUG] 2026-08-19T09:05:12: Kind: ltNumber
[DEBUG] 2026-08-19T09:05:12: IP:    5 | OP:   opGetLocal | Stack: [function: <main>, 2.0]
[DEBUG] 2026-08-19T09:05:12: Kind: ltClosure
[DEBUG] 2026-08-19T09:05:12: Kind: ltNumber
[DEBUG] 2026-08-19T09:05:12: Kind: ltNumber
[DEBUG] 2026-08-19T09:05:12: IP:    7 | OP:   opConstant | Stack: [function: <main>, 2.0, 2.0]
[DEBUG] 2026-08-19T09:05:12: Kind: ltClosure
[DEBUG] 2026-08-19T09:05:12: Kind: ltNumber
[DEBUG] 2026-08-19T09:05:12: Kind: ltNumber
[DEBUG] 2026-08-19T09:05:12: Kind: ltNumber
[DEBUG] 2026-08-19T09:05:12: IP:    9 | OP:       opLess | Stack: [function: <main>, 2.0, 2.0, 5.0]
[DEBUG] 2026-08-19T09:05:12: Kind: ltClosure
[DEBUG] 2026-08-19T09:05:12: Kind: ltNumber
[DEBUG] 2026-08-19T09:05:12: Kind: ltBool
[DEBUG] 2026-08-19T09:05:12: IP:   10 | OP: opJumpIfFalse | Stack: [function: <main>, 2.0, true]
[DEBUG] 2026-08-19T09:05:12: Kind: ltClosure
[DEBUG] 2026-08-19T09:05:12: Kind: ltNumber
[DEBUG] 2026-08-19T09:05:12: Kind: ltBool
[DEBUG] 2026-08-19T09:05:12: IP:   13 | OP:        opPop | Stack: [function: <main>, 2.0, true]
[DEBUG] 2026-08-19T09:05:12: Kind: ltClosure
[DEBUG] 2026-08-19T09:05:12: Kind: ltNumber
[DEBUG] 2026-08-19T09:05:12: IP:   14 | OP:   opGetLocal | Stack: [function: <main>, 2.0]
[DEBUG] 2026-08-19T09:05:12: Kind: ltClosure
[DEBUG] 2026-08-19T09:05:12: Kind: ltNumber
[DEBUG] 2026-08-19T09:05:13: Kind: ltNumber
[DEBUG] 2026-08-19T09:05:13: IP:   16 | OP:   opConstant | Stack: [function: <main>, 2.0, 2.0]
[DEBUG] 2026-08-19T09:05:13: Kind: ltClosure
[DEBUG] 2026-08-19T09:05:13: Kind: ltNumber
[DEBUG] 2026-08-19T09:05:13: Kind: ltNumber
[DEBUG] 2026-08-19T09:05:13: Kind: ltNumber
[DEBUG] 2026-08-19T09:05:13: IP:   18 | OP:     opEquals | Stack: [function: <main>, 2.0, 2.0, 3.0]
[DEBUG] 2026-08-19T09:05:13: Kind: ltClosure
[DEBUG] 2026-08-19T09:05:13: Kind: ltNumber
[DEBUG] 2026-08-19T09:05:13: Kind: ltBool
[DEBUG] 2026-08-19T09:05:13: IP:   19 | OP: opJumpIfFalse | Stack: [function: <main>, 2.0, false]
[DEBUG] 2026-08-19T09:05:13: Kind: ltClosure
[DEBUG] 2026-08-19T09:05:13: Kind: ltNumber
[DEBUG] 2026-08-19T09:05:13: Kind: ltBool
[DEBUG] 2026-08-19T09:05:13: IP:   35 | OP:        opPop | Stack: [function: <main>, 2.0, false]
[DEBUG] 2026-08-19T09:05:13: Kind: ltClosure
[DEBUG] 2026-08-19T09:05:13: Kind: ltNumber
[DEBUG] 2026-08-19T09:05:13: IP:   36 | OP:  opGetGlobal | Stack: [function: <main>, 2.0]
[DEBUG] 2026-08-19T09:05:13: Kind: ltClosure
[DEBUG] 2026-08-19T09:05:13: Kind: ltNumber
[DEBUG] 2026-08-19T09:05:13: Kind: ltNativeFn
[DEBUG] 2026-08-19T09:05:13: IP:   38 | OP:   opGetLocal | Stack: [function: <main>, 2.0, function: 0x4336534400]
[DEBUG] 2026-08-19T09:05:13: Kind: ltClosure
[DEBUG] 2026-08-19T09:05:13: Kind: ltNumber
[DEBUG] 2026-08-19T09:05:13: Kind: ltNativeFn
[DEBUG] 2026-08-19T09:05:13: Kind: ltNumber
[DEBUG] 2026-08-19T09:05:13: IP:   40 | OP:       opCall | Stack: [function: <main>, 2.0, function: 0x4336534400, 2.0]
[DEBUG] 2026-08-19T09:05:13: Kind: ltClosure
[DEBUG] 2026-08-19T09:05:13: Kind: ltNumber
[DEBUG] 2026-08-19T09:05:13: Kind: ltNil
[DEBUG] 2026-08-19T09:05:13: IP:   42 | OP:        opPop | Stack: [function: <main>, 2.0, nil]
[DEBUG] 2026-08-19T09:05:13: Kind: ltClosure
[DEBUG] 2026-08-19T09:05:13: Kind: ltNumber
[DEBUG] 2026-08-19T09:05:13: IP:   43 | OP:   opGetLocal | Stack: [function: <main>, 2.0]
[DEBUG] 2026-08-19T09:05:13: Kind: ltClosure
[DEBUG] 2026-08-19T09:05:13: Kind: ltNumber
[DEBUG] 2026-08-19T09:05:13: Kind: ltNumber
[DEBUG] 2026-08-19T09:05:13: IP:   45 | OP:   opConstant | Stack: [function: <main>, 2.0, 2.0]
[DEBUG] 2026-08-19T09:05:13: Kind: ltClosure
[DEBUG] 2026-08-19T09:05:13: Kind: ltNumber
[DEBUG] 2026-08-19T09:05:13: Kind: ltNumber
[DEBUG] 2026-08-19T09:05:13: Kind: ltNumber
[DEBUG] 2026-08-19T09:05:13: IP:   47 | OP:        opAdd | Stack: [function: <main>, 2.0, 2.0, 1.0]
[DEBUG] 2026-08-19T09:05:13: Kind: ltClosure
[DEBUG] 2026-08-19T09:05:13: Kind: ltNumber
[DEBUG] 2026-08-19T09:05:13: Kind: ltNumber
[DEBUG] 2026-08-19T09:05:13: IP:   48 | OP:   opSetLocal | Stack: [function: <main>, 2.0, 3.0]
[DEBUG] 2026-08-19T09:05:13: Kind: ltClosure
[DEBUG] 2026-08-19T09:05:13: Kind: ltNumber
[DEBUG] 2026-08-19T09:05:13: IP:   50 | OP:       opLoop | Stack: [function: <main>, 3.0]
[DEBUG] 2026-08-19T09:05:13: Kind: ltClosure
[DEBUG] 2026-08-19T09:05:13: Kind: ltNumber
[DEBUG] 2026-08-19T09:05:13: IP:    5 | OP:   opGetLocal | Stack: [function: <main>, 3.0]
[DEBUG] 2026-08-19T09:05:13: Kind: ltClosure
[DEBUG] 2026-08-19T09:05:13: Kind: ltNumber
[DEBUG] 2026-08-19T09:05:13: Kind: ltNumber
[DEBUG] 2026-08-19T09:05:13: IP:    7 | OP:   opConstant | Stack: [function: <main>, 3.0, 3.0]
[DEBUG] 2026-08-19T09:05:13: Kind: ltClosure
[DEBUG] 2026-08-19T09:05:13: Kind: ltNumber
[DEBUG] 2026-08-19T09:05:13: Kind: ltNumber
[DEBUG] 2026-08-19T09:05:13: Kind: ltNumber
[DEBUG] 2026-08-19T09:05:13: IP:    9 | OP:       opLess | Stack: [function: <main>, 3.0, 3.0, 5.0]
[DEBUG] 2026-08-19T09:05:13: Kind: ltClosure
[DEBUG] 2026-08-19T09:05:13: Kind: ltNumber
[DEBUG] 2026-08-19T09:05:13: Kind: ltBool
[DEBUG] 2026-08-19T09:05:13: IP:   10 | OP: opJumpIfFalse | Stack: [function: <main>, 3.0, true]
[DEBUG] 2026-08-19T09:05:13: Kind: ltClosure
[DEBUG] 2026-08-19T09:05:13: Kind: ltNumber
[DEBUG] 2026-08-19T09:05:13: Kind: ltBool
[DEBUG] 2026-08-19T09:05:13: IP:   13 | OP:        opPop | Stack: [function: <main>, 3.0, true]
[DEBUG] 2026-08-19T09:05:13: Kind: ltClosure
[DEBUG] 2026-08-19T09:05:13: Kind: ltNumber
[DEBUG] 2026-08-19T09:05:13: IP:   14 | OP:   opGetLocal | Stack: [function: <main>, 3.0]
[DEBUG] 2026-08-19T09:05:13: Kind: ltClosure
[DEBUG] 2026-08-19T09:05:13: Kind: ltNumber
[DEBUG] 2026-08-19T09:05:13: Kind: ltNumber
[DEBUG] 2026-08-19T09:05:13: IP:   16 | OP:   opConstant | Stack: [function: <main>, 3.0, 3.0]
[DEBUG] 2026-08-19T09:05:13: Kind: ltClosure
[DEBUG] 2026-08-19T09:05:13: Kind: ltNumber
[DEBUG] 2026-08-19T09:05:13: Kind: ltNumber
[DEBUG] 2026-08-19T09:05:13: Kind: ltNumber
[DEBUG] 2026-08-19T09:05:13: IP:   18 | OP:     opEquals | Stack: [function: <main>, 3.0, 3.0, 3.0]
[DEBUG] 2026-08-19T09:05:13: Kind: ltClosure
[DEBUG] 2026-08-19T09:05:13: Kind: ltNumber
[DEBUG] 2026-08-19T09:05:13: Kind: ltBool
[DEBUG] 2026-08-19T09:05:13: IP:   19 | OP: opJumpIfFalse | Stack: [function: <main>, 3.0, true]
[DEBUG] 2026-08-19T09:05:13: Kind: ltClosure
[DEBUG] 2026-08-19T09:05:13: Kind: ltNumber
[DEBUG] 2026-08-19T09:05:13: Kind: ltBool
[DEBUG] 2026-08-19T09:05:13: IP:   22 | OP:        opPop | Stack: [function: <main>, 3.0, true]
[DEBUG] 2026-08-19T09:05:13: Kind: ltClosure
[DEBUG] 2026-08-19T09:05:13: Kind: ltNumber
[DEBUG] 2026-08-19T09:05:13: IP:   23 | OP:  opGetGlobal | Stack: [function: <main>, 3.0]
[DEBUG] 2026-08-19T09:05:13: Kind: ltClosure
[DEBUG] 2026-08-19T09:05:13: Kind: ltNumber
[DEBUG] 2026-08-19T09:05:13: Kind: ltNativeFn
[DEBUG] 2026-08-19T09:05:13: IP:   25 | OP:   opConstant | Stack: [function: <main>, 3.0, function: 0x4336534400]
[DEBUG] 2026-08-19T09:05:13: Kind: ltClosure
[DEBUG] 2026-08-19T09:05:13: Kind: ltNumber
[DEBUG] 2026-08-19T09:05:13: Kind: ltNativeFn
[DEBUG] 2026-08-19T09:05:13: Kind: ltString
[DEBUG] 2026-08-19T09:05:13: IP:   27 | OP:       opCall | Stack: [function: <main>, 3.0, function: 0x4336534400, "breaking"]
[DEBUG] 2026-08-19T09:05:13: Kind: ltClosure
[DEBUG] 2026-08-19T09:05:13: Kind: ltNumber
[DEBUG] 2026-08-19T09:05:13: Kind: ltNil
[DEBUG] 2026-08-19T09:05:13: IP:   29 | OP:        opPop | Stack: [function: <main>, 3.0, nil]
[DEBUG] 2026-08-19T09:05:13: Kind: ltClosure
[DEBUG] 2026-08-19T09:05:13: Kind: ltNumber
[DEBUG] 2026-08-19T09:05:13: IP:   30 | OP:     opReturn | Stack: [function: <main>, 3.0]
[DEBUG] 2026-08-19T09:05:44: Kind: ltClosure
[DEBUG] 2026-08-19T09:05:44: IP:    1 | OP:   opConstant | Stack: [function: <main>]
[DEBUG] 2026-08-19T09:05:44: Kind: ltClosure
[DEBUG] 2026-08-19T09:05:44: Kind: ltNumber
[DEBUG] 2026-08-19T09:05:44: IP:    3 | OP:   opSetLocal | Stack: [function: <main>, 0.0]
[DEBUG] 2026-08-19T09:05:44: Kind: ltClosure
[DEBUG] 2026-08-19T09:05:44: Kind: ltNumber
[DEBUG] 2026-08-19T09:05:44: IP:    5 | OP:   opGetLocal | Stack: [function: <main>, 0.0]
[DEBUG] 2026-08-19T09:05:44: Kind: ltClosure
[DEBUG] 2026-08-19T09:05:44: Kind: ltNumber
[DEBUG] 2026-08-19T09:05:44: Kind: ltNumber
[DEBUG] 2026-08-19T09:05:44: IP:    7 | OP:   opConstant | Stack: [function: <main>, 0.0, 0.0]
[DEBUG] 2026-08-19T09:05:44: Kind: ltClosure
[DEBUG] 2026-08-19T09:05:44: Kind: ltNumber
[DEBUG] 2026-08-19T09:05:44: Kind: ltNumber
[DEBUG] 2026-08-19T09:05:44: Kind: ltNumber
[DEBUG] 2026-08-19T09:05:44: IP:    9 | OP:       opLess | Stack: [function: <main>, 0.0, 0.0, 5.0]
[DEBUG] 2026-08-19T09:05:44: Kind: ltClosure
[DEBUG] 2026-08-19T09:05:44: Kind: ltNumber
[DEBUG] 2026-08-19T09:05:44: Kind: ltBool
[DEBUG] 2026-08-19T09:05:44: IP:   10 | OP: opJumpIfFalse | Stack: [function: <main>, 0.0, true]
[DEBUG] 2026-08-19T09:05:44: Kind: ltClosure
[DEBUG] 2026-08-19T09:05:44: Kind: ltNumber
[DEBUG] 2026-08-19T09:05:44: Kind: ltBool
[DEBUG] 2026-08-19T09:05:44: IP:   13 | OP:        opPop | Stack: [function: <main>, 0.0, true]
[DEBUG] 2026-08-19T09:05:44: Kind: ltClosure
[DEBUG] 2026-08-19T09:05:44: Kind: ltNumber
[DEBUG] 2026-08-19T09:05:44: IP:   14 | OP:   opGetLocal | Stack: [function: <main>, 0.0]
[DEBUG] 2026-08-19T09:05:44: Kind: ltClosure
[DEBUG] 2026-08-19T09:05:44: Kind: ltNumber
[DEBUG] 2026-08-19T09:05:44: Kind: ltNumber
[DEBUG] 2026-08-19T09:05:44: IP:   16 | OP:   opConstant | Stack: [function: <main>, 0.0, 0.0]
[DEBUG] 2026-08-19T09:05:44: Kind: ltClosure
[DEBUG] 2026-08-19T09:05:44: Kind: ltNumber
[DEBUG] 2026-08-19T09:05:44: Kind: ltNumber
[DEBUG] 2026-08-19T09:05:44: Kind: ltNumber
[DEBUG] 2026-08-19T09:05:44: IP:   18 | OP:     opEquals | Stack: [function: <main>, 0.0, 0.0, 3.0]
[DEBUG] 2026-08-19T09:05:44: Kind: ltClosure
[DEBUG] 2026-08-19T09:05:44: Kind: ltNumber
[DEBUG] 2026-08-19T09:05:44: Kind: ltBool
[DEBUG] 2026-08-19T09:05:44: IP:   19 | OP: opJumpIfFalse | Stack: [function: <main>, 0.0, false]
[DEBUG] 2026-08-19T09:05:44: Kind: ltClosure
[DEBUG] 2026-08-19T09:05:44: Kind: ltNumber
[DEBUG] 2026-08-19T09:05:44: Kind: ltBool
[DEBUG] 2026-08-19T09:05:44: IP:   35 | OP:        opPop | Stack: [function: <main>, 0.0, false]
[DEBUG] 2026-08-19T09:05:44: Kind: ltClosure
[DEBUG] 2026-08-19T09:05:44: Kind: ltNumber
[DEBUG] 2026-08-19T09:05:44: IP:   36 | OP:  opGetGlobal | Stack: [function: <main>, 0.0]
[DEBUG] 2026-08-19T09:05:44: Kind: ltClosure
[DEBUG] 2026-08-19T09:05:44: Kind: ltNumber
[DEBUG] 2026-08-19T09:05:44: Kind: ltNativeFn
[DEBUG] 2026-08-19T09:05:44: IP:   38 | OP:   opGetLocal | Stack: [function: <main>, 0.0, function: 0x4336829312]
[DEBUG] 2026-08-19T09:05:44: Kind: ltClosure
[DEBUG] 2026-08-19T09:05:44: Kind: ltNumber
[DEBUG] 2026-08-19T09:05:44: Kind: ltNativeFn
[DEBUG] 2026-08-19T09:05:44: Kind: ltNumber
[DEBUG] 2026-08-19T09:05:44: IP:   40 | OP:       opCall | Stack: [function: <main>, 0.0, function: 0x4336829312, 0.0]
[DEBUG] 2026-08-19T09:05:44: Kind: ltClosure
[DEBUG] 2026-08-19T09:05:44: Kind: ltNumber
[DEBUG] 2026-08-19T09:05:44: Kind: ltNil
[DEBUG] 2026-08-19T09:05:44: IP:   42 | OP:        opPop | Stack: [function: <main>, 0.0, nil]
[DEBUG] 2026-08-19T09:05:44: Kind: ltClosure
[DEBUG] 2026-08-19T09:05:44: Kind: ltNumber
[DEBUG] 2026-08-19T09:05:44: IP:   43 | OP:   opGetLocal | Stack: [function: <main>, 0.0]
[DEBUG] 2026-08-19T09:05:44: Kind: ltClosure
[DEBUG] 2026-08-19T09:05:44: Kind: ltNumber
[DEBUG] 2026-08-19T09:05:44: Kind: ltNumber
[DEBUG] 2026-08-19T09:05:44: IP:   45 | OP:   opConstant | Stack: [function: <main>, 0.0, 0.0]
[DEBUG] 2026-08-19T09:05:44: Kind: ltClosure
[DEBUG] 2026-08-19T09:05:44: Kind: ltNumber
[DEBUG] 2026-08-19T09:05:44: Kind: ltNumber
[DEBUG] 2026-08-19T09:05:44: Kind: ltNumber
[DEBUG] 2026-08-19T09:05:44: IP:   47 | OP:        opAdd | Stack: [function: <main>, 0.0, 0.0, 1.0]
[DEBUG] 2026-08-19T09:05:44: Kind: ltClosure
[DEBUG] 2026-08-19T09:05:44: Kind: ltNumber
[DEBUG] 2026-08-19T09:05:44: Kind: ltNumber
[DEBUG] 2026-08-19T09:05:44: IP:   48 | OP:   opSetLocal | Stack: [function: <main>, 0.0, 1.0]
[DEBUG] 2026-08-19T09:05:44: Kind: ltClosure
[DEBUG] 2026-08-19T09:05:44: Kind: ltNumber
[DEBUG] 2026-08-19T09:05:44: IP:   50 | OP:       opLoop | Stack: [function: <main>, 1.0]
[DEBUG] 2026-08-19T09:05:44: Kind: ltClosure
[DEBUG] 2026-08-19T09:05:44: Kind: ltNumber
[DEBUG] 2026-08-19T09:05:44: IP:    5 | OP:   opGetLocal | Stack: [function: <main>, 1.0]
[DEBUG] 2026-08-19T09:05:44: Kind: ltClosure
[DEBUG] 2026-08-19T09:05:44: Kind: ltNumber
[DEBUG] 2026-08-19T09:05:44: Kind: ltNumber
[DEBUG] 2026-08-19T09:05:44: IP:    7 | OP:   opConstant | Stack: [function: <main>, 1.0, 1.0]
[DEBUG] 2026-08-19T09:05:44: Kind: ltClosure
[DEBUG] 2026-08-19T09:05:44: Kind: ltNumber
[DEBUG] 2026-08-19T09:05:44: Kind: ltNumber
[DEBUG] 2026-08-19T09:05:44: Kind: ltNumber
[DEBUG] 2026-08-19T09:05:44: IP:    9 | OP:       opLess | Stack: [function: <main>, 1.0, 1.0, 5.0]
[DEBUG] 2026-08-19T09:05:44: Kind: ltClosure
[DEBUG] 2026-08-19T09:05:44: Kind: ltNumber
[DEBUG] 2026-08-19T09:05:44: Kind: ltBool
[DEBUG] 2026-08-19T09:05:44: IP:   10 | OP: opJumpIfFalse | Stack: [function: <main>, 1.0, true]
[DEBUG] 2026-08-19T09:05:44: Kind: ltClosure
[DEBUG] 2026-08-19T09:05:44: Kind: ltNumber
[DEBUG] 2026-08-19T09:05:44: Kind: ltBool
[DEBUG] 2026-08-19T09:05:44: IP:   13 | OP:        opPop | Stack: [function: <main>, 1.0, true]
[DEBUG] 2026-08-19T09:05:44: Kind: ltClosure
[DEBUG] 2026-08-19T09:05:44: Kind: ltNumber
[DEBUG] 2026-08-19T09:05:44: IP:   14 | OP:   opGetLocal | Stack: [function: <main>, 1.0]
[DEBUG] 2026-08-19T09:05:44: Kind: ltClosure
[DEBUG] 2026-08-19T09:05:44: Kind: ltNumber
[DEBUG] 2026-08-19T09:05:44: Kind: ltNumber
[DEBUG] 2026-08-19T09:05:44: IP:   16 | OP:   opConstant | Stack: [function: <main>, 1.0, 1.0]
[DEBUG] 2026-08-19T09:05:44: Kind: ltClosure
[DEBUG] 2026-08-19T09:05:44: Kind: ltNumber
[DEBUG] 2026-08-19T09:05:44: Kind: ltNumber
[DEBUG] 2026-08-19T09:05:44: Kind: ltNumber
[DEBUG] 2026-08-19T09:05:44: IP:   18 | OP:     opEquals | Stack: [function: <main>, 1.0, 1.0, 3.0]
[DEBUG] 2026-08-19T09:05:44: Kind: ltClosure
[DEBUG] 2026-08-19T09:05:44: Kind: ltNumber
[DEBUG] 2026-08-19T09:05:44: Kind: ltBool
[DEBUG] 2026-08-19T09:05:44: IP:   19 | OP: opJumpIfFalse | Stack: [function: <main>, 1.0, false]
[DEBUG] 2026-08-19T09:05:44: Kind: ltClosure
[DEBUG] 2026-08-19T09:05:44: Kind: ltNumber
[DEBUG] 2026-08-19T09:05:44: Kind: ltBool
[DEBUG] 2026-08-19T09:05:44: IP:   35 | OP:        opPop | Stack: [function: <main>, 1.0, false]
[DEBUG] 2026-08-19T09:05:44: Kind: ltClosure
[DEBUG] 2026-08-19T09:05:44: Kind: ltNumber
[DEBUG] 2026-08-19T09:05:44: IP:   36 | OP:  opGetGlobal | Stack: [function: <main>, 1.0]
[DEBUG] 2026-08-19T09:05:44: Kind: ltClosure
[DEBUG] 2026-08-19T09:05:44: Kind: ltNumber
[DEBUG] 2026-08-19T09:05:44: Kind: ltNativeFn
[DEBUG] 2026-08-19T09:05:44: IP:   38 | OP:   opGetLocal | Stack: [function: <main>, 1.0, function: 0x4336829312]
[DEBUG] 2026-08-19T09:05:44: Kind: ltClosure
[DEBUG] 2026-08-19T09:05:44: Kind: ltNumber
[DEBUG] 2026-08-19T09:05:44: Kind: ltNativeFn
[DEBUG] 2026-08-19T09:05:44: Kind: ltNumber
[DEBUG] 2026-08-19T09:05:44: IP:   40 | OP:       opCall | Stack: [function: <main>, 1.0, function: 0x4336829312, 1.0]
[DEBUG] 2026-08-19T09:05:44: Kind: ltClosure
[DEBUG] 2026-08-19T09:05:44: Kind: ltNumber
[DEBUG] 2026-08-19T09:05:44: Kind: ltNil
[DEBUG] 2026-08-19T09:05:44: IP:   42 | OP:        opPop | Stack: [function: <main>, 1.0, nil]
[DEBUG] 2026-08-19T09:05:44: Kind: ltClosure
[DEBUG] 2026-08-19T09:05:44: Kind: ltNumber
[DEBUG] 2026-08-19T09:05:44: IP:   43 | OP:   opGetLocal | Stack: [function: <main>, 1.0]
[DEBUG] 2026-08-19T09:05:44: Kind: ltClosure
[DEBUG] 2026-08-19T09:05:44: Kind: ltNumber
[DEBUG] 2026-08-19T09:05:44: Kind: ltNumber
[DEBUG] 2026-08-19T09:05:44: IP:   45 | OP:   opConstant | Stack: [function: <main>, 1.0, 1.0]
[DEBUG] 2026-08-19T09:05:44: Kind: ltClosure
[DEBUG] 2026-08-19T09:05:44: Kind: ltNumber
[DEBUG] 2026-08-19T09:05:44: Kind: ltNumber
[DEBUG] 2026-08-19T09:05:44: Kind: ltNumber
[DEBUG] 2026-08-19T09:05:44: IP:   47 | OP:        opAdd | Stack: [function: <main>, 1.0, 1.0, 1.0]
[DEBUG] 2026-08-19T09:05:44: Kind: ltClosure
[DEBUG] 2026-08-19T09:05:44: Kind: ltNumber
[DEBUG] 2026-08-19T09:05:44: Kind: ltNumber
[DEBUG] 2026-08-19T09:05:44: IP:   48 | OP:   opSetLocal | Stack: [function: <main>, 1.0, 2.0]
[DEBUG] 2026-08-19T09:05:44: Kind: ltClosure
[DEBUG] 2026-08-19T09:05:44: Kind: ltNumber
[DEBUG] 2026-08-19T09:05:44: IP:   50 | OP:       opLoop | Stack: [function: <main>, 2.0]
[DEBUG] 2026-08-19T09:05:44: Kind: ltClosure
[DEBUG] 2026-08-19T09:05:44: Kind: ltNumber
[DEBUG] 2026-08-19T09:05:44: IP:    5 | OP:   opGetLocal | Stack: [function: <main>, 2.0]
[DEBUG] 2026-08-19T09:05:44: Kind: ltClosure
[DEBUG] 2026-08-19T09:05:44: Kind: ltNumber
[DEBUG] 2026-08-19T09:05:44: Kind: ltNumber
[DEBUG] 2026-08-19T09:05:44: IP:    7 | OP:   opConstant | Stack: [function: <main>, 2.0, 2.0]
[DEBUG] 2026-08-19T09:05:44: Kind: ltClosure
[DEBUG] 2026-08-19T09:05:44: Kind: ltNumber
[DEBUG] 2026-08-19T09:05:44: Kind: ltNumber
[DEBUG] 2026-08-19T09:05:44: Kind: ltNumber
[DEBUG] 2026-08-19T09:05:44: IP:    9 | OP:       opLess | Stack: [function: <main>, 2.0, 2.0, 5.0]
[DEBUG] 2026-08-19T09:05:44: Kind: ltClosure
[DEBUG] 2026-08-19T09:05:44: Kind: ltNumber
[DEBUG] 2026-08-19T09:05:44: Kind: ltBool
[DEBUG] 2026-08-19T09:05:44: IP:   10 | OP: opJumpIfFalse | Stack: [function: <main>, 2.0, true]
[DEBUG] 2026-08-19T09:05:44: Kind: ltClosure
[DEBUG] 2026-08-19T09:05:44: Kind: ltNumber
[DEBUG] 2026-08-19T09:05:44: Kind: ltBool
[DEBUG] 2026-08-19T09:05:44: IP:   13 | OP:        opPop | Stack: [function: <main>, 2.0, true]
[DEBUG] 2026-08-19T09:05:44: Kind: ltClosure
[DEBUG] 2026-08-19T09:05:44: Kind: ltNumber
[DEBUG] 2026-08-19T09:05:44: IP:   14 | OP:   opGetLocal | Stack: [function: <main>, 2.0]
[DEBUG] 2026-08-19T09:05:44: Kind: ltClosure
[DEBUG] 2026-08-19T09:05:44: Kind: ltNumber
[DEBUG] 2026-08-19T09:05:44: Kind: ltNumber
[DEBUG] 2026-08-19T09:05:44: IP:   16 | OP:   opConstant | Stack: [function: <main>, 2.0, 2.0]
[DEBUG] 2026-08-19T09:05:44: Kind: ltClosure
[DEBUG] 2026-08-19T09:05:44: Kind: ltNumber
[DEBUG] 2026-08-19T09:05:44: Kind: ltNumber
[DEBUG] 2026-08-19T09:05:44: Kind: ltNumber
[DEBUG] 2026-08-19T09:05:44: IP:   18 | OP:     opEquals | Stack: [function: <main>, 2.0, 2.0, 3.0]
[DEBUG] 2026-08-19T09:05:44: Kind: ltClosure
[DEBUG] 2026-08-19T09:05:44: Kind: ltNumber
[DEBUG] 2026-08-19T09:05:44: Kind: ltBool
[DEBUG] 2026-08-19T09:05:44: IP:   19 | OP: opJumpIfFalse | Stack: [function: <main>, 2.0, false]
[DEBUG] 2026-08-19T09:05:44: Kind: ltClosure
[DEBUG] 2026-08-19T09:05:44: Kind: ltNumber
[DEBUG] 2026-08-19T09:05:44: Kind: ltBool
[DEBUG] 2026-08-19T09:05:44: IP:   35 | OP:        opPop | Stack: [function: <main>, 2.0, false]
[DEBUG] 2026-08-19T09:05:44: Kind: ltClosure
[DEBUG] 2026-08-19T09:05:44: Kind: ltNumber
[DEBUG] 2026-08-19T09:05:44: IP:   36 | OP:  opGetGlobal | Stack: [function: <main>, 2.0]
[DEBUG] 2026-08-19T09:05:44: Kind: ltClosure
[DEBUG] 2026-08-19T09:05:44: Kind: ltNumber
[DEBUG] 2026-08-19T09:05:44: Kind: ltNativeFn
[DEBUG] 2026-08-19T09:05:44: IP:   38 | OP:   opGetLocal | Stack: [function: <main>, 2.0, function: 0x4336829312]
[DEBUG] 2026-08-19T09:05:44: Kind: ltClosure
[DEBUG] 2026-08-19T09:05:44: Kind: ltNumber
[DEBUG] 2026-08-19T09:05:44: Kind: ltNativeFn
[DEBUG] 2026-08-19T09:05:44: Kind: ltNumber
[DEBUG] 2026-08-19T09:05:44: IP:   40 | OP:       opCall | Stack: [function: <main>, 2.0, function: 0x4336829312, 2.0]
[DEBUG] 2026-08-19T09:05:44: Kind: ltClosure
[DEBUG] 2026-08-19T09:05:44: Kind: ltNumber
[DEBUG] 2026-08-19T09:05:44: Kind: ltNil
[DEBUG] 2026-08-19T09:05:44: IP:   42 | OP:        opPop | Stack: [function: <main>, 2.0, nil]
[DEBUG] 2026-08-19T09:05:44: Kind: ltClosure
[DEBUG] 2026-08-19T09:05:44: Kind: ltNumber
[DEBUG] 2026-08-19T09:05:44: IP:   43 | OP:   opGetLocal | Stack: [function: <main>, 2.0]
[DEBUG] 2026-08-19T09:05:44: Kind: ltClosure
[DEBUG] 2026-08-19T09:05:44: Kind: ltNumber
[DEBUG] 2026-08-19T09:05:44: Kind: ltNumber
[DEBUG] 2026-08-19T09:05:44: IP:   45 | OP:   opConstant | Stack: [function: <main>, 2.0, 2.0]
[DEBUG] 2026-08-19T09:05:44: Kind: ltClosure
[DEBUG] 2026-08-19T09:05:44: Kind: ltNumber
[DEBUG] 2026-08-19T09:05:44: Kind: ltNumber
[DEBUG] 2026-08-19T09:05:44: Kind: ltNumber
[DEBUG] 2026-08-19T09:05:44: IP:   47 | OP:        opAdd | Stack: [function: <main>, 2.0, 2.0, 1.0]
[DEBUG] 2026-08-19T09:05:44: Kind: ltClosure
[DEBUG] 2026-08-19T09:05:44: Kind: ltNumber
[DEBUG] 2026-08-19T09:05:44: Kind: ltNumber
[DEBUG] 2026-08-19T09:05:44: IP:   48 | OP:   opSetLocal | Stack: [function: <main>, 2.0, 3.0]
[DEBUG] 2026-08-19T09:05:44: Kind: ltClosure
[DEBUG] 2026-08-19T09:05:44: Kind: ltNumber
[DEBUG] 2026-08-19T09:05:44: IP:   50 | OP:       opLoop | Stack: [function: <main>, 3.0]
[DEBUG] 2026-08-19T09:05:44: Kind: ltClosure
[DEBUG] 2026-08-19T09:05:44: Kind: ltNumber
[DEBUG] 2026-08-19T09:05:44: IP:    5 | OP:   opGetLocal | Stack: [function: <main>, 3.0]
[DEBUG] 2026-08-19T09:05:44: Kind: ltClosure
[DEBUG] 2026-08-19T09:05:44: Kind: ltNumber
[DEBUG] 2026-08-19T09:05:44: Kind: ltNumber
[DEBUG] 2026-08-19T09:05:44: IP:    7 | OP:   opConstant | Stack: [function: <main>, 3.0, 3.0]
[DEBUG] 2026-08-19T09:05:44: Kind: ltClosure
[DEBUG] 2026-08-19T09:05:44: Kind: ltNumber
[DEBUG] 2026-08-19T09:05:44: Kind: ltNumber
[DEBUG] 2026-08-19T09:05:44: Kind: ltNumber
[DEBUG] 2026-08-19T09:05:44: IP:    9 | OP:       opLess | Stack: [function: <main>, 3.0, 3.0, 5.0]
[DEBUG] 2026-08-19T09:05:44: Kind: ltClosure
[DEBUG] 2026-08-19T09:05:44: Kind: ltNumber
[DEBUG] 2026-08-19T09:05:44: Kind: ltBool
[DEBUG] 2026-08-19T09:05:44: IP:   10 | OP: opJumpIfFalse | Stack: [function: <main>, 3.0, true]
[DEBUG] 2026-08-19T09:05:44: Kind: ltClosure
[DEBUG] 2026-08-19T09:05:44: Kind: ltNumber
[DEBUG] 2026-08-19T09:05:44: Kind: ltBool
[DEBUG] 2026-08-19T09:05:44: IP:   13 | OP:        opPop | Stack: [function: <main>, 3.0, true]
[DEBUG] 2026-08-19T09:05:44: Kind: ltClosure
[DEBUG] 2026-08-19T09:05:44: Kind: ltNumber
[DEBUG] 2026-08-19T09:05:44: IP:   14 | OP:   opGetLocal | Stack: [function: <main>, 3.0]
[DEBUG] 2026-08-19T09:05:44: Kind: ltClosure
[DEBUG] 2026-08-19T09:05:44: Kind: ltNumber
[DEBUG] 2026-08-19T09:05:44: Kind: ltNumber
[DEBUG] 2026-08-19T09:05:44: IP:   16 | OP:   opConstant | Stack: [function: <main>, 3.0, 3.0]
[DEBUG] 2026-08-19T09:05:44: Kind: ltClosure
[DEBUG] 2026-08-19T09:05:44: Kind: ltNumber
[DEBUG] 2026-08-19T09:05:44: Kind: ltNumber
[DEBUG] 2026-08-19T09:05:44: Kind: ltNumber
[DEBUG] 2026-08-19T09:05:44: IP:   18 | OP:     opEquals | Stack: [function: <main>, 3.0, 3.0, 3.0]
[DEBUG] 2026-08-19T09:05:44: Kind: ltClosure
[DEBUG] 2026-08-19T09:05:44: Kind: ltNumber
[DEBUG] 2026-08-19T09:05:44: Kind: ltBool
[DEBUG] 2026-08-19T09:05:44: IP:   19 | OP: opJumpIfFalse | Stack: [function: <main>, 3.0, true]
[DEBUG] 2026-08-19T09:05:44: Kind: ltClosure
[DEBUG] 2026-08-19T09:05:44: Kind: ltNumber
[DEBUG] 2026-08-19T09:05:44: Kind: ltBool
[DEBUG] 2026-08-19T09:05:44: IP:   22 | OP:        opPop | Stack: [function: <main>, 3.0, true]
[DEBUG] 2026-08-19T09:05:44: Kind: ltClosure
[DEBUG] 2026-08-19T09:05:44: Kind: ltNumber
[DEBUG] 2026-08-19T09:05:44: IP:   23 | OP:  opGetGlobal | Stack: [function: <main>, 3.0]
[DEBUG] 2026-08-19T09:05:44: Kind: ltClosure
[DEBUG] 2026-08-19T09:05:44: Kind: ltNumber
[DEBUG] 2026-08-19T09:05:44: Kind: ltNativeFn
[DEBUG] 2026-08-19T09:05:44: IP:   25 | OP:   opConstant | Stack: [function: <main>, 3.0, function: 0x4336829312]
[DEBUG] 2026-08-19T09:05:44: Kind: ltClosure
[DEBUG] 2026-08-19T09:05:44: Kind: ltNumber
[DEBUG] 2026-08-19T09:05:44: Kind: ltNativeFn
[DEBUG] 2026-08-19T09:05:44: Kind: ltString
[DEBUG] 2026-08-19T09:05:44: IP:   27 | OP:       opCall | Stack: [function: <main>, 3.0, function: 0x4336829312, "breaking"]
[DEBUG] 2026-08-19T09:05:44: Kind: ltClosure
[DEBUG] 2026-08-19T09:05:44: Kind: ltNumber
[DEBUG] 2026-08-19T09:05:44: Kind: ltNil
[DEBUG] 2026-08-19T09:05:44: IP:   29 | OP:        opPop | Stack: [function: <main>, 3.0, nil]
[DEBUG] 2026-08-19T09:05:44: Kind: ltClosure
[DEBUG] 2026-08-19T09:05:44: Kind: ltNumber
[DEBUG] 2026-08-19T09:05:44: IP:   30 | OP:     opReturn | Stack: [function: <main>, 3.0]
[DEBUG] 2026-08-19T09:07:52: Kind: ltClosure
[DEBUG] 2026-08-19T09:07:52: IP:    1 | OP:   opConstant | Stack: [function: <main>]
[DEBUG] 2026-08-19T09:07:52: Kind: ltClosure
[DEBUG] 2026-08-19T09:07:52: Kind: ltNumber
[DEBUG] 2026-08-19T09:07:52: IP:    3 | OP:   opSetLocal | Stack: [function: <main>, 0.0]
[DEBUG] 2026-08-19T09:07:52: Kind: ltClosure
[DEBUG] 2026-08-19T09:07:52: Kind: ltNumber
[DEBUG] 2026-08-19T09:07:52: IP:    5 | OP:   opGetLocal | Stack: [function: <main>, 0.0]
[DEBUG] 2026-08-19T09:07:52: Kind: ltClosure
[DEBUG] 2026-08-19T09:07:52: Kind: ltNumber
[DEBUG] 2026-08-19T09:07:52: Kind: ltNumber
[DEBUG] 2026-08-19T09:07:52: IP:    7 | OP:   opConstant | Stack: [function: <main>, 0.0, 0.0]
[DEBUG] 2026-08-19T09:07:52: Kind: ltClosure
[DEBUG] 2026-08-19T09:07:52: Kind: ltNumber
[DEBUG] 2026-08-19T09:07:52: Kind: ltNumber
[DEBUG] 2026-08-19T09:07:52: Kind: ltNumber
[DEBUG] 2026-08-19T09:07:52: IP:    9 | OP:       opLess | Stack: [function: <main>, 0.0, 0.0, 5.0]
[DEBUG] 2026-08-19T09:07:52: Kind: ltClosure
[DEBUG] 2026-08-19T09:07:52: Kind: ltNumber
[DEBUG] 2026-08-19T09:07:52: Kind: ltBool
[DEBUG] 2026-08-19T09:07:52: IP:   10 | OP: opJumpIfFalse | Stack: [function: <main>, 0.0, true]
[DEBUG] 2026-08-19T09:07:52: Kind: ltClosure
[DEBUG] 2026-08-19T09:07:52: Kind: ltNumber
[DEBUG] 2026-08-19T09:07:52: Kind: ltBool
[DEBUG] 2026-08-19T09:07:52: IP:   13 | OP:        opPop | Stack: [function: <main>, 0.0, true]
[DEBUG] 2026-08-19T09:07:52: Kind: ltClosure
[DEBUG] 2026-08-19T09:07:52: Kind: ltNumber
[DEBUG] 2026-08-19T09:07:52: IP:   14 | OP:   opGetLocal | Stack: [function: <main>, 0.0]
[DEBUG] 2026-08-19T09:07:52: Kind: ltClosure
[DEBUG] 2026-08-19T09:07:52: Kind: ltNumber
[DEBUG] 2026-08-19T09:07:52: Kind: ltNumber
[DEBUG] 2026-08-19T09:07:52: IP:   16 | OP:   opConstant | Stack: [function: <main>, 0.0, 0.0]
[DEBUG] 2026-08-19T09:07:52: Kind: ltClosure
[DEBUG] 2026-08-19T09:07:52: Kind: ltNumber
[DEBUG] 2026-08-19T09:07:52: Kind: ltNumber
[DEBUG] 2026-08-19T09:07:52: Kind: ltNumber
[DEBUG] 2026-08-19T09:07:52: IP:   18 | OP:     opEquals | Stack: [function: <main>, 0.0, 0.0, 3.0]
[DEBUG] 2026-08-19T09:07:52: Kind: ltClosure
[DEBUG] 2026-08-19T09:07:52: Kind: ltNumber
[DEBUG] 2026-08-19T09:07:52: Kind: ltBool
[DEBUG] 2026-08-19T09:07:52: IP:   19 | OP: opJumpIfFalse | Stack: [function: <main>, 0.0, false]
[DEBUG] 2026-08-19T09:07:52: Kind: ltClosure
[DEBUG] 2026-08-19T09:07:52: Kind: ltNumber
[DEBUG] 2026-08-19T09:07:52: Kind: ltBool
[DEBUG] 2026-08-19T09:07:52: IP:   35 | OP:        opPop | Stack: [function: <main>, 0.0, false]
[DEBUG] 2026-08-19T09:07:52: Kind: ltClosure
[DEBUG] 2026-08-19T09:07:52: Kind: ltNumber
[DEBUG] 2026-08-19T09:07:52: IP:   36 | OP:  opGetGlobal | Stack: [function: <main>, 0.0]
[DEBUG] 2026-08-19T09:07:52: Kind: ltClosure
[DEBUG] 2026-08-19T09:07:52: Kind: ltNumber
[DEBUG] 2026-08-19T09:07:52: Kind: ltNativeFn
[DEBUG] 2026-08-19T09:07:52: IP:   38 | OP:   opGetLocal | Stack: [function: <main>, 0.0, function: 0x4296262816]
[DEBUG] 2026-08-19T09:07:52: Kind: ltClosure
[DEBUG] 2026-08-19T09:07:52: Kind: ltNumber
[DEBUG] 2026-08-19T09:07:52: Kind: ltNativeFn
[DEBUG] 2026-08-19T09:07:52: Kind: ltNumber
[DEBUG] 2026-08-19T09:07:52: IP:   40 | OP:       opCall | Stack: [function: <main>, 0.0, function: 0x4296262816, 0.0]
[DEBUG] 2026-08-19T09:07:52: Kind: ltClosure
[DEBUG] 2026-08-19T09:07:52: Kind: ltNumber
[DEBUG] 2026-08-19T09:07:52: Kind: ltNil
[DEBUG] 2026-08-19T09:07:52: IP:   42 | OP:        opPop | Stack: [function: <main>, 0.0, nil]
[DEBUG] 2026-08-19T09:07:52: Kind: ltClosure
[DEBUG] 2026-08-19T09:07:52: Kind: ltNumber
[DEBUG] 2026-08-19T09:07:52: IP:   43 | OP:   opGetLocal | Stack: [function: <main>, 0.0]
[DEBUG] 2026-08-19T09:07:52: Kind: ltClosure
[DEBUG] 2026-08-19T09:07:52: Kind: ltNumber
[DEBUG] 2026-08-19T09:07:52: Kind: ltNumber
[DEBUG] 2026-08-19T09:07:52: IP:   45 | OP:   opConstant | Stack: [function: <main>, 0.0, 0.0]
[DEBUG] 2026-08-19T09:07:52: Kind: ltClosure
[DEBUG] 2026-08-19T09:07:52: Kind: ltNumber
[DEBUG] 2026-08-19T09:07:52: Kind: ltNumber
[DEBUG] 2026-08-19T09:07:52: Kind: ltNumber
[DEBUG] 2026-08-19T09:07:52: IP:   47 | OP:        opAdd | Stack: [function: <main>, 0.0, 0.0, 1.0]
[DEBUG] 2026-08-19T09:07:52: Kind: ltClosure
[DEBUG] 2026-08-19T09:07:52: Kind: ltNumber
[DEBUG] 2026-08-19T09:07:52: Kind: ltNumber
[DEBUG] 2026-08-19T09:07:52: IP:   48 | OP:   opSetLocal | Stack: [function: <main>, 0.0, 1.0]
[DEBUG] 2026-08-19T09:07:52: Kind: ltClosure
[DEBUG] 2026-08-19T09:07:52: Kind: ltNumber
[DEBUG] 2026-08-19T09:07:52: IP:   50 | OP:       opLoop | Stack: [function: <main>, 1.0]
[DEBUG] 2026-08-19T09:07:52: Kind: ltClosure
[DEBUG] 2026-08-19T09:07:52: Kind: ltNumber
[DEBUG] 2026-08-19T09:07:52: IP:    5 | OP:   opGetLocal | Stack: [function: <main>, 1.0]
[DEBUG] 2026-08-19T09:07:52: Kind: ltClosure
[DEBUG] 2026-08-19T09:07:52: Kind: ltNumber
[DEBUG] 2026-08-19T09:07:52: Kind: ltNumber
[DEBUG] 2026-08-19T09:07:52: IP:    7 | OP:   opConstant | Stack: [function: <main>, 1.0, 1.0]
[DEBUG] 2026-08-19T09:07:52: Kind: ltClosure
[DEBUG] 2026-08-19T09:07:52: Kind: ltNumber
[DEBUG] 2026-08-19T09:07:52: Kind: ltNumber
[DEBUG] 2026-08-19T09:07:52: Kind: ltNumber
[DEBUG] 2026-08-19T09:07:52: IP:    9 | OP:       opLess | Stack: [function: <main>, 1.0, 1.0, 5.0]
[DEBUG] 2026-08-19T09:07:52: Kind: ltClosure
[DEBUG] 2026-08-19T09:07:52: Kind: ltNumber
[DEBUG] 2026-08-19T09:07:52: Kind: ltBool
[DEBUG] 2026-08-19T09:07:52: IP:   10 | OP: opJumpIfFalse | Stack: [function: <main>, 1.0, true]
[DEBUG] 2026-08-19T09:07:52: Kind: ltClosure
[DEBUG] 2026-08-19T09:07:52: Kind: ltNumber
[DEBUG] 2026-08-19T09:07:52: Kind: ltBool
[DEBUG] 2026-08-19T09:07:52: IP:   13 | OP:        opPop | Stack: [function: <main>, 1.0, true]
[DEBUG] 2026-08-19T09:07:52: Kind: ltClosure
[DEBUG] 2026-08-19T09:07:52: Kind: ltNumber
[DEBUG] 2026-08-19T09:07:52: IP:   14 | OP:   opGetLocal | Stack: [function: <main>, 1.0]
[DEBUG] 2026-08-19T09:07:52: Kind: ltClosure
[DEBUG] 2026-08-19T09:07:52: Kind: ltNumber
[DEBUG] 2026-08-19T09:07:52: Kind: ltNumber
[DEBUG] 2026-08-19T09:07:52: IP:   16 | OP:   opConstant | Stack: [function: <main>, 1.0, 1.0]
[DEBUG] 2026-08-19T09:07:52: Kind: ltClosure
[DEBUG] 2026-08-19T09:07:52: Kind: ltNumber
[DEBUG] 2026-08-19T09:07:52: Kind: ltNumber
[DEBUG] 2026-08-19T09:07:52: Kind: ltNumber
[DEBUG] 2026-08-19T09:07:52: IP:   18 | OP:     opEquals | Stack: [function: <main>, 1.0, 1.0, 3.0]
[DEBUG] 2026-08-19T09:07:52: Kind: ltClosure
[DEBUG] 2026-08-19T09:07:52: Kind: ltNumber
[DEBUG] 2026-08-19T09:07:52: Kind: ltBool
[DEBUG] 2026-08-19T09:07:52: IP:   19 | OP: opJumpIfFalse | Stack: [function: <main>, 1.0, false]
[DEBUG] 2026-08-19T09:07:52: Kind: ltClosure
[DEBUG] 2026-08-19T09:07:52: Kind: ltNumber
[DEBUG] 2026-08-19T09:07:52: Kind: ltBool
[DEBUG] 2026-08-19T09:07:52: IP:   35 | OP:        opPop | Stack: [function: <main>, 1.0, false]
[DEBUG] 2026-08-19T09:07:52: Kind: ltClosure
[DEBUG] 2026-08-19T09:07:52: Kind: ltNumber
[DEBUG] 2026-08-19T09:07:52: IP:   36 | OP:  opGetGlobal | Stack: [function: <main>, 1.0]
[DEBUG] 2026-08-19T09:07:52: Kind: ltClosure
[DEBUG] 2026-08-19T09:07:52: Kind: ltNumber
[DEBUG] 2026-08-19T09:07:52: Kind: ltNativeFn
[DEBUG] 2026-08-19T09:07:52: IP:   38 | OP:   opGetLocal | Stack: [function: <main>, 1.0, function: 0x4296262816]
[DEBUG] 2026-08-19T09:07:52: Kind: ltClosure
[DEBUG] 2026-08-19T09:07:52: Kind: ltNumber
[DEBUG] 2026-08-19T09:07:52: Kind: ltNativeFn
[DEBUG] 2026-08-19T09:07:52: Kind: ltNumber
[DEBUG] 2026-08-19T09:07:52: IP:   40 | OP:       opCall | Stack: [function: <main>, 1.0, function: 0x4296262816, 1.0]
[DEBUG] 2026-08-19T09:07:52: Kind: ltClosure
[DEBUG] 2026-08-19T09:07:52: Kind: ltNumber
[DEBUG] 2026-08-19T09:07:52: Kind: ltNil
[DEBUG] 2026-08-19T09:07:52: IP:   42 | OP:        opPop | Stack: [function: <main>, 1.0, nil]
[DEBUG] 2026-08-19T09:07:52: Kind: ltClosure
[DEBUG] 2026-08-19T09:07:52: Kind: ltNumber
[DEBUG] 2026-08-19T09:07:52: IP:   43 | OP:   opGetLocal | Stack: [function: <main>, 1.0]
[DEBUG] 2026-08-19T09:07:52: Kind: ltClosure
[DEBUG] 2026-08-19T09:07:52: Kind: ltNumber
[DEBUG] 2026-08-19T09:07:52: Kind: ltNumber
[DEBUG] 2026-08-19T09:07:52: IP:   45 | OP:   opConstant | Stack: [function: <main>, 1.0, 1.0]
[DEBUG] 2026-08-19T09:07:52: Kind: ltClosure
[DEBUG] 2026-08-19T09:07:52: Kind: ltNumber
[DEBUG] 2026-08-19T09:07:52: Kind: ltNumber
[DEBUG] 2026-08-19T09:07:52: Kind: ltNumber
[DEBUG] 2026-08-19T09:07:52: IP:   47 | OP:        opAdd | Stack: [function: <main>, 1.0, 1.0, 1.0]
[DEBUG] 2026-08-19T09:07:52: Kind: ltClosure
[DEBUG] 2026-08-19T09:07:52: Kind: ltNumber
[DEBUG] 2026-08-19T09:07:52: Kind: ltNumber
[DEBUG] 2026-08-19T09:07:52: IP:   48 | OP:   opSetLocal | Stack: [function: <main>, 1.0, 2.0]
[DEBUG] 2026-08-19T09:07:52: Kind: ltClosure
[DEBUG] 2026-08-19T09:07:52: Kind: ltNumber
[DEBUG] 2026-08-19T09:07:52: IP:   50 | OP:       opLoop | Stack: [function: <main>, 2.0]
[DEBUG] 2026-08-19T09:07:52: Kind: ltClosure
[DEBUG] 2026-08-19T09:07:52: Kind: ltNumber
[DEBUG] 2026-08-19T09:07:52: IP:    5 | OP:   opGetLocal | Stack: [function: <main>, 2.0]
[DEBUG] 2026-08-19T09:07:52: Kind: ltClosure
[DEBUG] 2026-08-19T09:07:52: Kind: ltNumber
[DEBUG] 2026-08-19T09:07:52: Kind: ltNumber
[DEBUG] 2026-08-19T09:07:52: IP:    7 | OP:   opConstant | Stack: [function: <main>, 2.0, 2.0]
[DEBUG] 2026-08-19T09:07:52: Kind: ltClosure
[DEBUG] 2026-08-19T09:07:52: Kind: ltNumber
[DEBUG] 2026-08-19T09:07:52: Kind: ltNumber
[DEBUG] 2026-08-19T09:07:52: Kind: ltNumber
[DEBUG] 2026-08-19T09:07:52: IP:    9 | OP:       opLess | Stack: [function: <main>, 2.0, 2.0, 5.0]
[DEBUG] 2026-08-19T09:07:52: Kind: ltClosure
[DEBUG] 2026-08-19T09:07:52: Kind: ltNumber
[DEBUG] 2026-08-19T09:07:52: Kind: ltBool
[DEBUG] 2026-08-19T09:07:52: IP:   10 | OP: opJumpIfFalse | Stack: [function: <main>, 2.0, true]
[DEBUG] 2026-08-19T09:07:52: Kind: ltClosure
[DEBUG] 2026-08-19T09:07:52: Kind: ltNumber
[DEBUG] 2026-08-19T09:07:52: Kind: ltBool
[DEBUG] 2026-08-19T09:07:52: IP:   13 | OP:        opPop | Stack: [function: <main>, 2.0, true]
[DEBUG] 2026-08-19T09:07:52: Kind: ltClosure
[DEBUG] 2026-08-19T09:07:52: Kind: ltNumber
[DEBUG] 2026-08-19T09:07:52: IP:   14 | OP:   opGetLocal | Stack: [function: <main>, 2.0]
[DEBUG] 2026-08-19T09:07:52: Kind: ltClosure
[DEBUG] 2026-08-19T09:07:52: Kind: ltNumber
[DEBUG] 2026-08-19T09:07:52: Kind: ltNumber
[DEBUG] 2026-08-19T09:07:52: IP:   16 | OP:   opConstant | Stack: [function: <main>, 2.0, 2.0]
[DEBUG] 2026-08-19T09:07:52: Kind: ltClosure
[DEBUG] 2026-08-19T09:07:52: Kind: ltNumber
[DEBUG] 2026-08-19T09:07:52: Kind: ltNumber
[DEBUG] 2026-08-19T09:07:52: Kind: ltNumber
[DEBUG] 2026-08-19T09:07:52: IP:   18 | OP:     opEquals | Stack: [function: <main>, 2.0, 2.0, 3.0]
[DEBUG] 2026-08-19T09:07:52: Kind: ltClosure
[DEBUG] 2026-08-19T09:07:52: Kind: ltNumber
[DEBUG] 2026-08-19T09:07:52: Kind: ltBool
[DEBUG] 2026-08-19T09:07:52: IP:   19 | OP: opJumpIfFalse | Stack: [function: <main>, 2.0, false]
[DEBUG] 2026-08-19T09:07:52: Kind: ltClosure
[DEBUG] 2026-08-19T09:07:52: Kind: ltNumber
[DEBUG] 2026-08-19T09:07:52: Kind: ltBool
[DEBUG] 2026-08-19T09:07:52: IP:   35 | OP:        opPop | Stack: [function: <main>, 2.0, false]
[DEBUG] 2026-08-19T09:07:52: Kind: ltClosure
[DEBUG] 2026-08-19T09:07:52: Kind: ltNumber
[DEBUG] 2026-08-19T09:07:52: IP:   36 | OP:  opGetGlobal | Stack: [function: <main>, 2.0]
[DEBUG] 2026-08-19T09:07:52: Kind: ltClosure
[DEBUG] 2026-08-19T09:07:52: Kind: ltNumber
[DEBUG] 2026-08-19T09:07:52: Kind: ltNativeFn
[DEBUG] 2026-08-19T09:07:52: IP:   38 | OP:   opGetLocal | Stack: [function: <main>, 2.0, function: 0x4296262816]
[DEBUG] 2026-08-19T09:07:52: Kind: ltClosure
[DEBUG] 2026-08-19T09:07:52: Kind: ltNumber
[DEBUG] 2026-08-19T09:07:52: Kind: ltNativeFn
[DEBUG] 2026-08-19T09:07:52: Kind: ltNumber
[DEBUG] 2026-08-19T09:07:52: IP:   40 | OP:       opCall | Stack: [function: <main>, 2.0, function: 0x4296262816, 2.0]
[DEBUG] 2026-08-19T09:07:52: Kind: ltClosure
[DEBUG] 2026-08-19T09:07:52: Kind: ltNumber
[DEBUG] 2026-08-19T09:07:52: Kind: ltNil
[DEBUG] 2026-08-19T09:07:52: IP:   42 | OP:        opPop | Stack: [function: <main>, 2.0, nil]
[DEBUG] 2026-08-19T09:07:52: Kind: ltClosure
[DEBUG] 2026-08-19T09:07:52: Kind: ltNumber
[DEBUG] 2026-08-19T09:07:52: IP:   43 | OP:   opGetLocal | Stack: [function: <main>, 2.0]
[DEBUG] 2026-08-19T09:07:52: Kind: ltClosure
[DEBUG] 2026-08-19T09:07:52: Kind: ltNumber
[DEBUG] 2026-08-19T09:07:52: Kind: ltNumber
[DEBUG] 2026-08-19T09:07:52: IP:   45 | OP:   opConstant | Stack: [function: <main>, 2.0, 2.0]
[DEBUG] 2026-08-19T09:07:52: Kind: ltClosure
[DEBUG] 2026-08-19T09:07:52: Kind: ltNumber
[DEBUG] 2026-08-19T09:07:52: Kind: ltNumber
[DEBUG] 2026-08-19T09:07:52: Kind: ltNumber
[DEBUG] 2026-08-19T09:07:52: IP:   47 | OP:        opAdd | Stack: [function: <main>, 2.0, 2.0, 1.0]
[DEBUG] 2026-08-19T09:07:52: Kind: ltClosure
[DEBUG] 2026-08-19T09:07:52: Kind: ltNumber
[DEBUG] 2026-08-19T09:07:52: Kind: ltNumber
[DEBUG] 2026-08-19T09:07:52: IP:   48 | OP:   opSetLocal | Stack: [function: <main>, 2.0, 3.0]
[DEBUG] 2026-08-19T09:07:52: Kind: ltClosure
[DEBUG] 2026-08-19T09:07:52: Kind: ltNumber
[DEBUG] 2026-08-19T09:07:52: IP:   50 | OP:       opLoop | Stack: [function: <main>, 3.0]
[DEBUG] 2026-08-19T09:07:52: Kind: ltClosure
[DEBUG] 2026-08-19T09:07:52: Kind: ltNumber
[DEBUG] 2026-08-19T09:07:52: IP:    5 | OP:   opGetLocal | Stack: [function: <main>, 3.0]
[DEBUG] 2026-08-19T09:07:52: Kind: ltClosure
[DEBUG] 2026-08-19T09:07:52: Kind: ltNumber
[DEBUG] 2026-08-19T09:07:52: Kind: ltNumber
[DEBUG] 2026-08-19T09:07:52: IP:    7 | OP:   opConstant | Stack: [function: <main>, 3.0, 3.0]
[DEBUG] 2026-08-19T09:07:52: Kind: ltClosure
[DEBUG] 2026-08-19T09:07:52: Kind: ltNumber
[DEBUG] 2026-08-19T09:07:52: Kind: ltNumber
[DEBUG] 2026-08-19T09:07:52: Kind: ltNumber
[DEBUG] 2026-08-19T09:07:52: IP:    9 | OP:       opLess | Stack: [function: <main>, 3.0, 3.0, 5.0]
[DEBUG] 2026-08-19T09:07:52: Kind: ltClosure
[DEBUG] 2026-08-19T09:07:52: Kind: ltNumber
[DEBUG] 2026-08-19T09:07:52: Kind: ltBool
[DEBUG] 2026-08-19T09:07:52: IP:   10 | OP: opJumpIfFalse | Stack: [function: <main>, 3.0, true]
[DEBUG] 2026-08-19T09:07:52: Kind: ltClosure
[DEBUG] 2026-08-19T09:07:52: Kind: ltNumber
[DEBUG] 2026-08-19T09:07:52: Kind: ltBool
[DEBUG] 2026-08-19T09:07:52: IP:   13 | OP:        opPop | Stack: [function: <main>, 3.0, true]
[DEBUG] 2026-08-19T09:07:52: Kind: ltClosure
[DEBUG] 2026-08-19T09:07:52: Kind: ltNumber
[DEBUG] 2026-08-19T09:07:52: IP:   14 | OP:   opGetLocal | Stack: [function: <main>, 3.0]
[DEBUG] 2026-08-19T09:07:52: Kind: ltClosure
[DEBUG] 2026-08-19T09:07:52: Kind: ltNumber
[DEBUG] 2026-08-19T09:07:52: Kind: ltNumber
[DEBUG] 2026-08-19T09:07:52: IP:   16 | OP:   opConstant | Stack: [function: <main>, 3.0, 3.0]
[DEBUG] 2026-08-19T09:07:52: Kind: ltClosure
[DEBUG] 2026-08-19T09:07:52: Kind: ltNumber
[DEBUG] 2026-08-19T09:07:52: Kind: ltNumber
[DEBUG] 2026-08-19T09:07:52: Kind: ltNumber
[DEBUG] 2026-08-19T09:07:52: IP:   18 | OP:     opEquals | Stack: [function: <main>, 3.0, 3.0, 3.0]
[DEBUG] 2026-08-19T09:07:52: Kind: ltClosure
[DEBUG] 2026-08-19T09:07:52: Kind: ltNumber
[DEBUG] 2026-08-19T09:07:52: Kind: ltBool
[DEBUG] 2026-08-19T09:07:52: IP:   19 | OP: opJumpIfFalse | Stack: [function: <main>, 3.0, true]
[DEBUG] 2026-08-19T09:07:52: Kind: ltClosure
[DEBUG] 2026-08-19T09:07:52: Kind: ltNumber
[DEBUG] 2026-08-19T09:07:52: Kind: ltBool
[DEBUG] 2026-08-19T09:07:52: IP:   22 | OP:        opPop | Stack: [function: <main>, 3.0, true]
[DEBUG] 2026-08-19T09:07:52: Kind: ltClosure
[DEBUG] 2026-08-19T09:07:52: Kind: ltNumber
[DEBUG] 2026-08-19T09:07:52: IP:   23 | OP:  opGetGlobal | Stack: [function: <main>, 3.0]
[DEBUG] 2026-08-19T09:07:52: Kind: ltClosure
[DEBUG] 2026-08-19T09:07:52: Kind: ltNumber
[DEBUG] 2026-08-19T09:07:52: Kind: ltNativeFn
[DEBUG] 2026-08-19T09:07:52: IP:   25 | OP:   opConstant | Stack: [function: <main>, 3.0, function: 0x4296262816]
[DEBUG] 2026-08-19T09:07:52: Kind: ltClosure
[DEBUG] 2026-08-19T09:07:52: Kind: ltNumber
[DEBUG] 2026-08-19T09:07:52: Kind: ltNativeFn
[DEBUG] 2026-08-19T09:07:52: Kind: ltString
[DEBUG] 2026-08-19T09:07:52: IP:   27 | OP:       opCall | Stack: [function: <main>, 3.0, function: 0x4296262816, "breaking"]
[DEBUG] 2026-08-19T09:07:52: Kind: ltClosure
[DEBUG] 2026-08-19T09:07:52: Kind: ltNumber
[DEBUG] 2026-08-19T09:07:52: Kind: ltNil
[DEBUG] 2026-08-19T09:07:52: IP:   29 | OP:        opPop | Stack: [function: <main>, 3.0, nil]
[DEBUG] 2026-08-19T09:07:52: Kind: ltClosure
[DEBUG] 2026-08-19T09:07:52: Kind: ltNumber
[DEBUG] 2026-08-19T09:07:52: IP:   30 | OP:     opReturn | Stack: [function: <main>, 3.0]
[DEBUG] 2026-08-19T11:47:00: Tkdots? tkIdent
[DEBUG] 2026-08-19T11:47:00: Isvararg before fn def: false
[INFO] 2026-08-19T11:47:00: Node name: MyTest
[INFO] 2026-08-19T11:47:00: Node vararg: false
[DEBUG] 2026-08-19T16:14:51: Tkdots? tkIdent
[DEBUG] 2026-08-19T16:14:51: Isvararg before fn def: false
[INFO] 2026-08-19T16:14:51: Node name: MyTest
[INFO] 2026-08-19T16:14:51: Node vararg: false
